Project Name,Package Name,Type Name,NOF,NOPF,NOM,NOPM,LOC,WMC,NC,DIT,LCOM,FANIN,FANOUT
.,org.jedit.io,Native2ASCIIEncodingTest,6,0,118,114,1151,123,0,0,0.025423728813559324,0,2
.,org.jedit.io,ThrottledPushbackReader,0,0,2,2,22,6,0,0,-1.0,0,0
.,org.jedit.io,Native2ASCIIEncoding,8,0,21,16,247,56,0,1,0.5238095238095238,1,2
.,org.jedit.io,Native2ASCIIReader,6,0,8,5,176,37,0,0,0.0,0,1
.,org.jedit.options,CombinedOptions,3,0,4,4,34,5,0,2,0.75,0,4
.,org.jedit.options,OptionGroupPane,8,0,10,3,208,42,0,2,0.0,2,8
.,org.jedit.options,TabbedOptionDialog,6,0,12,11,105,18,1,1,0.16666666666666666,0,5
.,org.jedit.options,TitleChanger,0,0,1,1,5,1,0,0,-1.0,0,0
.,org.jedit.options,GlobalOptionGroup,1,0,3,2,40,8,0,1,0.6666666666666666,1,2
.,org.jedit.options,PluginOptionGroup,0,0,3,3,36,8,0,1,-1.0,1,4
.,org.jedit.options,NoPluginsPane,0,0,1,1,5,1,0,2,-1.0,0,0
.,org.jedit.options,OptionTreeModel,2,0,14,10,96,29,1,0,0.5,3,1
.,org.jedit.core,MigrationService,0,0,1,0,8,1,2,0,-1.0,1,0
.,org.jedit.core,FileOpenerService,0,0,2,2,27,5,0,0,-1.0,0,2
.,org.jedit.keymap,KeymapManager,1,0,8,0,58,8,1,0,-1.0,7,0
.,org.jedit.keymap,KeymapImpl,4,0,9,6,80,14,0,1,0.0,0,5
.,org.jedit.keymap,KeymapManagerImpl,4,0,14,9,122,28,0,1,0.0,2,5
.,org.jedit.keymap,KeymapFileFilter,0,0,1,1,10,1,0,0,-1.0,0,0
.,org.jedit.keymap,EmacsUtil,2,0,25,25,214,59,0,0,0.0,0,8
.,org.jedit.keymap,Keymap,0,0,3,0,22,3,1,0,-1.0,12,0
.,org.jedit.migration,OneTimeMigrationService,1,0,3,3,36,6,1,1,0.0,2,3
.,org.jedit.migration,KeymapMigration,0,0,1,1,27,5,0,1,-1.0,0,3
.,org.jedit.migration,CheckFileStatus,0,0,2,2,11,3,0,2,-1.0,0,2
.,org.gjt.sp.util,RunRequestsInAWTThread,0,0,2,1,29,3,0,0,-1.0,0,2
.,org.gjt.sp.util,EnhancedTreeCellRenderer,1,0,4,2,40,9,4,0,0.0,0,0
.,org.gjt.sp.util,ProgressObserver,0,0,3,0,26,3,2,0,-1.0,3,0
.,org.gjt.sp.util,ThreadAbortMonitor,0,0,1,0,7,1,0,0,-1.0,0,0
.,org.gjt.sp.util,StringList,1,0,10,10,77,16,0,0,0.5,6,1
.,org.gjt.sp.util,IOUtilities,0,0,10,9,172,24,0,0,-1.0,37,4
.,org.gjt.sp.util,PropertiesBean,2,0,8,3,139,35,0,0,0.0,0,1
.,org.gjt.sp.util,TaskManager,5,1,20,10,157,35,0,0,0.15,24,5
.,org.gjt.sp.util,TaskVisitor,0,0,1,0,3,1,0,0,-1.0,1,1
.,org.gjt.sp.util,MyTask,1,0,4,3,15,4,0,2,0.0,0,0
.,org.gjt.sp.util,SegmentBuffer,0,0,4,3,26,6,0,0,-1.0,2,0
.,org.gjt.sp.util,GenericGUIUtilities,0,0,20,20,267,48,0,0,-1.0,69,3
.,org.gjt.sp.util,TaskListener,0,0,6,0,11,6,6,0,-1.0,2,1
.,org.gjt.sp.util,HtmlUtilities,0,0,5,4,110,16,0,0,-1.0,4,3
.,org.gjt.sp.util,StringModel,2,0,5,3,25,6,0,0,0.0,1,0
.,org.gjt.sp.util,IntegerArray,2,0,8,8,36,9,0,0,0.25,6,0
.,org.gjt.sp.util,StandardUtilities,3,2,25,24,483,109,0,0,0.84,80,2
.,org.gjt.sp.util,StringCompare,1,0,3,3,14,3,0,0,0.6666666666666666,0,1
.,org.gjt.sp.util,Log,26,7,28,19,378,69,0,0,0.07142857142857142,191,2
.,org.gjt.sp.util,LogListModel,1,0,8,5,48,18,0,0,0.375,1,0
.,org.gjt.sp.util,LogPrintStream,2,0,2,1,33,2,0,0,0.0,0,0
.,org.gjt.sp.util,LogOutputStream,2,0,3,2,16,3,0,0,0.0,0,1
.,org.gjt.sp.util,Task,7,0,16,15,83,17,8,1,0.125,21,2
.,org.gjt.sp.util,SyntaxUtilities,1,1,7,6,129,33,0,0,0.42857142857142855,16,4
.,org.gjt.sp.util,TaskAdapter,0,0,6,6,18,6,0,1,-1.0,0,1
.,org.gjt.sp.util,ThreadUtilities,6,0,10,7,121,17,0,0,0.3,25,5
.,org.gjt.sp.util,JEditThreadFactory,2,0,2,1,13,2,0,0,0.0,0,0
.,org.gjt.sp.util,CountDownLatchRunnable,2,0,2,1,11,2,0,0,0.0,1,0
.,org.gjt.sp.util,ReverseCharSequence,1,0,6,6,30,7,0,0,0.0,0,0
.,org.gjt.sp.util,XMLUtilities,0,0,4,3,89,11,0,0,-1.0,25,2
.,org.gjt.sp.util,SegmentCharSequence,3,0,6,6,29,6,0,0,0.0,0,0
.,org.gjt.sp.jedit.indent,DeepIndentRule,7,0,7,5,112,26,0,1,0.2857142857142857,0,7
.,org.gjt.sp.jedit.indent,Parens,5,0,4,3,43,12,0,1,0.5,1,4
.,org.gjt.sp.jedit.indent,IndentRule,0,0,1,0,16,1,4,0,-1.0,1,1
.,org.gjt.sp.jedit.indent,BracketIndentRule,8,1,8,7,74,17,2,1,0.25,0,6
.,org.gjt.sp.jedit.indent,Brackets,2,0,0,0,4,0,0,0,-1.0,2,0
.,org.gjt.sp.jedit.indent,LineScanner,4,1,4,3,48,13,0,1,0.5,1,4
.,org.gjt.sp.jedit.indent,IndentRuleFactory,0,0,8,8,26,8,0,0,-1.0,0,1
.,org.gjt.sp.jedit.indent,WhitespaceRule,0,0,1,1,26,7,0,1,-1.0,0,2
.,org.gjt.sp.jedit.indent,RegexpIndentRule,6,0,7,6,73,21,0,1,0.2857142857142857,0,6
.,org.gjt.sp.jedit.indent,TokenFilter,1,0,3,3,33,12,0,1,0.6666666666666666,1,3
.,org.gjt.sp.jedit.indent,IndentAction,5,0,22,19,121,23,8,0,-1.0,5,2
.,org.gjt.sp.jedit.indent,Collapse,0,0,3,2,16,3,0,1,-1.0,1,1
.,org.gjt.sp.jedit.indent,Reset,0,0,2,2,8,2,0,1,-1.0,0,1
.,org.gjt.sp.jedit.indent,Increase,1,0,5,5,19,6,0,1,0.4,0,1
.,org.gjt.sp.jedit.indent,Decrease,0,0,2,2,8,2,0,1,-1.0,0,1
.,org.gjt.sp.jedit.indent,AlignOffset,1,0,3,3,15,3,0,1,0.6666666666666666,0,1
.,org.gjt.sp.jedit.indent,AlignParameter,1,0,3,3,16,3,0,1,0.6666666666666666,0,1
.,org.gjt.sp.jedit.indent,NoIncrease,0,0,2,2,13,2,0,1,-1.0,0,1
.,org.gjt.sp.jedit.indent,CloseBracketIndentRule,7,0,9,9,72,18,0,2,0.3333333333333333,0,3
.,org.gjt.sp.jedit.indent,AlignBracket,6,0,7,7,39,9,0,1,0.2857142857142857,1,2
.,org.gjt.sp.jedit.indent,OpenBracketIndentRule,1,0,4,2,37,9,0,2,0.5,1,4
.,org.gjt.sp.jedit,ActionContext,0,0,2,2,26,2,1,1,-1.0,14,0
.,org.gjt.sp.jedit,EBMessage,1,0,5,3,46,5,15,0,0.0,12,1
.,org.gjt.sp.jedit,JEditRegisterSaver,4,0,7,6,92,18,0,1,0.42857142857142855,0,9
.,org.gjt.sp.jedit,RegistersHandler,3,0,4,4,23,7,0,0,0.5,1,2
.,org.gjt.sp.jedit,JEditActionSet,5,0,19,13,236,38,2,1,0.15789473684210525,5,5
.,org.gjt.sp.jedit,jEdit,37,0,170,123,2882,538,0,0,0.08235294117647059,331,72
.,org.gjt.sp.jedit,FirewallAuthenticator,1,0,2,0,9,2,0,0,0.0,0,0
.,org.gjt.sp.jedit,MyFocusManager,0,0,2,1,26,8,0,0,-1.0,0,1
.,org.gjt.sp.jedit,JEditPropertyManager,0,0,1,1,5,1,0,1,-1.0,1,1
.,org.gjt.sp.jedit,DockingLayoutSetter,3,0,2,1,15,2,0,0,0.0,0,3
.,org.gjt.sp.jedit,EBComponent,0,0,1,0,15,1,6,0,-1.0,8,1
.,org.gjt.sp.jedit,SettingsXML,4,0,12,10,88,12,0,0,0.25,4,3
.,org.gjt.sp.jedit,Saver,2,0,5,3,37,5,0,0,0.4,4,1
.,org.gjt.sp.jedit,JEditBeanShellAction,9,0,10,7,97,14,0,1,0.4,2,5
.,org.gjt.sp.jedit,MyBeanShellFacade,0,0,3,0,15,4,0,1,-1.0,0,3
.,org.gjt.sp.jedit,OperatingSystem,9,0,15,15,203,28,0,0,0.13333333333333333,27,2
.,org.gjt.sp.jedit,ActionSet,2,0,15,13,131,21,0,2,0.6,9,5
.,org.gjt.sp.jedit,SettingsReloader,0,0,2,1,29,11,0,0,-1.0,0,9
.,org.gjt.sp.jedit,ServiceManager,8,1,17,13,200,29,0,0,0.0,18,9
.,org.gjt.sp.jedit,Descriptor,6,0,5,2,39,9,0,0,0.0,5,3
.,org.gjt.sp.jedit,ServiceFoldHandlerProvider,1,1,2,2,31,2,0,1,0.0,0,3
.,org.gjt.sp.jedit,PluginJAR,44,19,61,39,1241,234,0,0,0.22950819672131148,31,21
.,org.gjt.sp.jedit,PluginDepends,5,0,0,0,7,0,0,0,-1.0,1,0
.,org.gjt.sp.jedit,PluginCacheEntry,20,19,13,2,184,38,0,0,0.0,9,5
.,org.gjt.sp.jedit,JARClassLoader,9,0,21,11,286,63,0,0,0.14285714285714285,2,5
.,org.gjt.sp.jedit,SingleElementEnumeration,1,0,3,2,17,4,0,0,0.0,0,0
.,org.gjt.sp.jedit,MiscUtilities,9,0,57,48,991,244,0,0,0.40350877192982454,79,15
.,org.gjt.sp.jedit,VarCompressor,2,0,3,0,71,26,0,0,0.0,1,2
.,org.gjt.sp.jedit,JEditKillRing,4,1,8,7,109,19,0,2,0.375,0,9
.,org.gjt.sp.jedit,KillRingHandler,3,1,5,5,34,8,0,0,0.4,1,2
.,org.gjt.sp.jedit,IPropertyManager,0,0,1,0,13,1,1,0,-1.0,7,0
.,org.gjt.sp.jedit,ServiceListHandler,7,0,10,6,70,13,0,0,0.2,0,5
.,org.gjt.sp.jedit,Mode,9,0,27,24,296,55,1,0,0.07407407407407407,15,6
.,org.gjt.sp.jedit,GUIUtilities,18,0,99,88,1349,193,0,0,0.25252525252525254,128,21
.,org.gjt.sp.jedit,UnixWorkaround,6,0,4,4,61,11,0,0,0.0,0,2
.,org.gjt.sp.jedit,ComponentHandler,0,0,2,2,24,8,0,0,-1.0,0,1
.,org.gjt.sp.jedit,WindowHandler,0,0,1,1,12,1,0,0,-1.0,0,2
.,org.gjt.sp.jedit,SizeSaver,4,0,8,5,74,13,0,0,0.0,1,2
.,org.gjt.sp.jedit,Abbrevs,12,1,18,9,338,65,0,0,0.1111111111111111,6,9
.,org.gjt.sp.jedit,Expansion,4,0,1,0,46,13,0,0,0.0,1,0
.,org.gjt.sp.jedit,SplitConfigParser,12,0,19,19,205,41,0,0,0.21052631578947367,2,3
.,org.gjt.sp.jedit,BufferSet,4,0,9,9,62,16,0,0,0.2222222222222222,2,2
.,org.gjt.sp.jedit,Split,4,0,5,5,29,7,0,0,0.0,1,0
.,org.gjt.sp.jedit,JEditRegistersListener,0,0,1,1,10,1,0,1,-1.0,0,1
.,org.gjt.sp.jedit,Autosave,1,0,4,3,40,12,0,0,0.75,1,3
.,org.gjt.sp.jedit,Macros,19,0,57,49,658,109,0,0,0.21052631578947367,12,15
.,org.gjt.sp.jedit,Macro,3,0,6,6,41,7,0,2,0.5,4,3
.,org.gjt.sp.jedit,Recorder,6,0,9,6,98,21,0,0,0.0,6,6
.,org.gjt.sp.jedit,Handler,3,0,7,6,45,7,1,0,0.42857142857142855,3,5
.,org.gjt.sp.jedit,BeanShellHandler,0,0,4,3,15,4,0,1,-1.0,0,3
.,org.gjt.sp.jedit,AbstractOptionPane,4,0,17,14,233,24,29,1,0.29411764705882354,6,2
.,org.gjt.sp.jedit,RegistersListener,0,0,1,0,8,1,1,0,-1.0,1,0
.,org.gjt.sp.jedit,OptionGroup,4,0,13,12,99,20,2,0,0.0,10,3
.,org.gjt.sp.jedit,RegisterSaver,0,0,2,0,9,2,1,0,-1.0,1,0
.,org.gjt.sp.jedit,Registers,8,0,42,30,483,97,0,0,0.21428571428571427,13,14
.,org.gjt.sp.jedit,Register,0,0,4,0,16,4,2,0,-1.0,6,0
.,org.gjt.sp.jedit,ClipboardRegister,1,0,5,5,39,6,0,1,0.0,0,2
.,org.gjt.sp.jedit,DefaultRegister,1,0,4,4,27,6,0,1,0.0,0,1
.,org.gjt.sp.jedit,View,58,28,102,82,1378,271,0,1,0.11764705882352941,147,39
.,org.gjt.sp.jedit,CaretHandler,0,0,1,1,5,2,0,0,-1.0,0,0
.,org.gjt.sp.jedit,FocusHandler,0,0,1,1,11,4,0,0,-1.0,0,0
.,org.gjt.sp.jedit,ScrollHandler,0,0,2,2,7,3,0,1,-1.0,0,1
.,org.gjt.sp.jedit,WindowHandler,0,0,2,2,14,5,0,0,-1.0,0,4
.,org.gjt.sp.jedit,ViewConfig,9,9,3,3,27,3,0,0,0.6666666666666666,9,2
.,org.gjt.sp.jedit,MyFocusTraversalPolicy,0,0,1,1,5,1,0,0,-1.0,0,1
.,org.gjt.sp.jedit,SetCursorVisitor,1,0,2,1,9,2,0,2,0.0,0,1
.,org.gjt.sp.jedit,JEditActionContext,4,0,7,7,102,15,1,0,0.2857142857142857,2,1
.,org.gjt.sp.jedit,BeanShell,2,0,20,13,275,34,0,0,0.35,21,14
.,org.gjt.sp.jedit,MyBeanShellFacade,0,0,5,0,47,7,0,1,-1.0,0,4
.,org.gjt.sp.jedit,EditPlugin,3,0,25,18,325,39,3,0,0.36,16,6
.,org.gjt.sp.jedit,Broken,1,0,2,1,16,2,0,1,0.0,0,1
.,org.gjt.sp.jedit,Deferred,1,0,4,2,22,4,0,1,0.5,0,1
.,org.gjt.sp.jedit,JEditAbstractEditAction,2,0,7,5,55,7,2,0,0.0,2,0
.,org.gjt.sp.jedit,PerspectiveManager,12,0,13,11,228,50,0,0,0.3076923076923077,5,13
.,org.gjt.sp.jedit,PerspectiveHandler,8,0,7,5,82,31,0,0,0.2857142857142857,2,8
.,org.gjt.sp.jedit,EditPane,17,6,48,43,744,166,0,1,0.08333333333333333,25,24
.,org.gjt.sp.jedit,CaretInfo,6,6,0,0,11,0,0,0,-1.0,1,0
.,org.gjt.sp.jedit,StatusHandler,0,0,3,3,28,9,0,1,-1.0,0,3
.,org.gjt.sp.jedit,MarkerHighlight,2,0,6,6,47,13,0,1,0.0,0,3
.,org.gjt.sp.jedit,TextUtilities,8,8,29,28,700,177,0,0,0.5517241379310345,19,5
.,org.gjt.sp.jedit,Debug,22,22,1,1,116,3,0,0,0.0,25,0
.,org.gjt.sp.jedit,OptionPane,0,0,4,0,24,4,1,0,-1.0,4,0
.,org.gjt.sp.jedit,EBPlugin,1,0,2,1,22,3,0,1,1.0,0,3
.,org.gjt.sp.jedit,Buffer,39,12,95,71,1348,263,0,1,0.06315789473684211,87,27
.,org.gjt.sp.jedit,ActionListHandler,9,0,10,6,90,19,0,0,0.2,0,4
.,org.gjt.sp.jedit,Marker,4,0,7,2,58,8,0,0,0.0,8,1
.,org.gjt.sp.jedit,EditBus,8,0,17,13,208,40,0,0,0.17647058823529413,37,8
.,org.gjt.sp.jedit,EBMessageHandler,3,0,1,0,10,1,0,0,0.0,2,0
.,org.gjt.sp.jedit,HandlerList,3,0,5,5,66,20,0,0,0.0,1,2
.,org.gjt.sp.jedit,SendMessage,1,0,2,2,16,2,0,0,0.0,0,3
.,org.gjt.sp.jedit,ModeCatalogHandler,2,0,4,2,39,9,0,0,0.5,0,5
.,org.gjt.sp.jedit,JEditMode,1,0,6,5,82,13,0,1,0.6666666666666666,0,2
.,org.gjt.sp.jedit,BeanShellFacade,4,0,16,7,191,30,2,0,0.125,3,9
.,org.gjt.sp.jedit,PropertyManager,6,0,20,2,117,34,0,0,0.1,1,2
.,org.gjt.sp.jedit,EditAction,2,0,14,14,118,16,6,1,0.9285714285714286,21,5
.,org.gjt.sp.jedit,Wrapper,2,0,2,2,28,3,0,0,0.0,0,3
.,org.gjt.sp.jedit,BufferHistory,15,6,18,12,276,46,0,0,0.1111111111111111,5,12
.,org.gjt.sp.jedit,Entry,5,5,3,3,23,3,0,0,0.0,2,1
.,org.gjt.sp.jedit,RecentHandler,7,1,3,3,42,10,0,0,0.6666666666666666,1,2
.,org.gjt.sp.jedit,EditServer,5,0,9,5,175,27,0,0,0.3333333333333333,4,10
.,org.gjt.sp.jedit,BeanShellAction,8,0,10,10,99,15,0,2,0.0,0,8
.,org.gjt.sp.jedit,CachedBshMethod,3,0,3,3,24,5,0,0,0.0,1,2
.,org.gjt.sp.jedit.options,BrowserContextOptionPane,0,0,3,1,24,3,0,3,-1.0,0,1
.,org.gjt.sp.jedit.options,FirewallOptionPane,9,0,4,4,60,4,0,2,0.5,0,1
.,org.gjt.sp.jedit.options,ActionHandler,0,0,1,1,11,1,0,0,-1.0,5,0
.,org.gjt.sp.jedit.options,BrowserColorsOptionPane,6,0,8,4,117,16,0,2,0.25,0,5
.,org.gjt.sp.jedit.options,SelectionHandler,0,0,1,1,5,1,0,0,-1.0,0,0
.,org.gjt.sp.jedit.options,ActionHandler,0,0,1,1,29,7,0,0,-1.0,0,0
.,org.gjt.sp.jedit.options,MouseHandler,0,0,1,1,11,3,0,0,-1.0,0,1
.,org.gjt.sp.jedit.options,BrowserColorsModel,3,0,16,10,115,27,0,0,0.4375,1,3
.,org.gjt.sp.jedit.options,Entry,2,0,1,0,8,1,0,0,0.0,3,0
.,org.gjt.sp.jedit.options,ColorRenderer,0,0,2,1,19,4,0,0,-1.0,0,1
.,org.gjt.sp.jedit.options,ModeSettingsPane,40,0,12,2,287,24,0,2,0.25,1,6
.,org.gjt.sp.jedit.options,ActionHandler,0,0,1,1,13,3,0,0,-1.0,0,0
.,org.gjt.sp.jedit.options,ModeProperties,19,0,4,0,115,11,0,0,0.5,1,2
.,org.gjt.sp.jedit.options,ShortcutsOptionPane,17,1,42,28,450,95,0,2,0.21428571428571427,0,14
.,org.gjt.sp.jedit.options,HeaderMouseHandler,0,0,1,1,17,4,0,0,-1.0,0,1
.,org.gjt.sp.jedit.options,TableMouseHandler,0,0,1,1,10,3,0,0,-1.0,0,2
.,org.gjt.sp.jedit.options,ActionHandler,0,0,1,1,63,14,0,0,-1.0,0,4
.,org.gjt.sp.jedit.options,ShortcutsModel,4,1,14,12,100,30,0,0,0.14285714285714285,3,4
.,org.gjt.sp.jedit.options,KeyCompare,1,0,2,1,26,7,0,0,0.0,0,1
.,org.gjt.sp.jedit.options,KeymapsModel,2,0,7,4,33,11,0,0,0.0,2,2
.,org.gjt.sp.jedit.options,KeymapCellRenderer,0,0,1,1,8,1,0,0,-1.0,0,1
.,org.gjt.sp.jedit.options,GlobalOptions,0,0,8,5,44,10,0,2,-1.0,0,5
.,org.gjt.sp.jedit.options,PrintOptionPane,10,0,3,1,62,3,0,2,0.6666666666666666,0,2
.,org.gjt.sp.jedit.options,StatusBarOptionPane,28,0,14,8,359,41,0,2,0.21428571428571427,0,9
.,org.gjt.sp.jedit.options,ActionHandler,0,0,1,1,58,12,0,0,-1.0,0,1
.,org.gjt.sp.jedit.options,ListHandler,0,0,1,1,5,1,0,0,-1.0,0,0
.,org.gjt.sp.jedit.options,WidgetListCellRenderer,0,0,1,1,10,2,0,0,-1.0,0,1
.,org.gjt.sp.jedit.options,WidgetSelectionDialog,9,0,6,4,129,16,0,1,0.3333333333333333,2,4
.,org.gjt.sp.jedit.options,ActionHandler,0,0,1,1,21,5,0,0,-1.0,0,0
.,org.gjt.sp.jedit.options,EditModesPane,9,0,15,10,247,42,0,2,0.2,1,9
.,org.gjt.sp.jedit.options,ActionHandler,0,0,1,1,21,4,0,0,-1.0,0,4
.,org.gjt.sp.jedit.options,MyCellRenderer,0,0,1,1,10,1,0,0,-1.0,0,1
.,org.gjt.sp.jedit.options,MyListSelectionListener,0,0,1,1,13,3,0,0,-1.0,0,0
.,org.gjt.sp.jedit.options,EditingOptionPane,3,0,3,1,32,3,0,2,0.6666666666666666,0,3
.,org.gjt.sp.jedit.options,EncodingsOptionPane,6,0,3,1,85,13,0,2,0.6666666666666666,0,5
.,org.gjt.sp.jedit.options,SyntaxHiliteOptionPane,7,1,18,10,146,30,0,2,0.3333333333333333,5,11
.,org.gjt.sp.jedit.options,MouseHandler,0,0,1,1,16,4,0,0,-1.0,0,4
.,org.gjt.sp.jedit.options,StyleTableModel,4,0,12,8,89,21,0,0,0.4166666666666667,1,8
.,org.gjt.sp.jedit.options,StyleChoice,3,0,2,1,13,2,0,0,0.0,2,1
.,org.gjt.sp.jedit.options,StyleRenderer,0,0,2,1,20,4,0,0,-1.0,0,3
.,org.gjt.sp.jedit.options,TextAreaOptionPane,37,0,11,11,285,24,0,2,0.2727272727272727,0,7
.,org.gjt.sp.jedit.options,FontList,6,0,5,5,103,16,0,0,0.4,1,3
.,org.gjt.sp.jedit.options,FontItemRenderer,0,0,1,1,8,1,0,0,-1.0,0,0
.,org.gjt.sp.jedit.options,UndoPane,2,0,3,1,23,3,0,2,0.6666666666666666,1,1
.,org.gjt.sp.jedit.options,LargeFilesOptionPane,4,0,3,1,56,9,0,2,0.6666666666666666,0,1
.,org.gjt.sp.jedit.options,AbbrevsOptionPane,13,0,25,13,286,54,0,2,0.2,0,9
.,org.gjt.sp.jedit.options,HeaderMouseHandler,0,0,1,1,12,3,0,0,-1.0,0,0
.,org.gjt.sp.jedit.options,TableMouseHandler,0,0,1,1,5,2,0,0,-1.0,0,0
.,org.gjt.sp.jedit.options,SelectionHandler,0,0,1,1,5,1,0,0,-1.0,0,0
.,org.gjt.sp.jedit.options,ActionHandler,0,0,1,1,33,7,0,0,-1.0,0,4
.,org.gjt.sp.jedit.options,Renderer,0,0,1,1,7,2,0,0,-1.0,0,0
.,org.gjt.sp.jedit.options,AbbrevsModel,5,0,14,7,96,25,0,0,0.2857142857142857,2,3
.,org.gjt.sp.jedit.options,AbbrevCompare,1,0,2,1,18,3,0,0,0.0,0,2
.,org.gjt.sp.jedit.options,Abbrev,2,0,2,0,10,2,0,0,1.0,3,0
.,org.gjt.sp.jedit.options,BufferOptionPane,16,0,4,2,184,23,0,2,0.5,1,9
.,org.gjt.sp.jedit.options,ActionHandler,0,0,1,1,15,2,0,0,-1.0,0,1
.,org.gjt.sp.jedit.options,PluginManagerOptionPane,13,0,18,11,233,37,0,2,0.3333333333333333,0,9
.,org.gjt.sp.jedit.options,MirrorModel,1,0,5,4,21,6,0,0,0.0,1,3
.,org.gjt.sp.jedit.options,SingleSelectionModel,0,0,2,1,7,2,0,0,-1.0,0,0
.,org.gjt.sp.jedit.options,ActionHandler,0,0,1,1,7,1,0,0,-1.0,0,1
.,org.gjt.sp.jedit.options,UpdateMirrorsThread,1,0,6,4,76,15,0,2,0.6666666666666666,0,7
.,org.gjt.sp.jedit.options,DockingOptionPane,10,2,11,6,111,13,0,2,0.36363636363636365,2,6
.,org.gjt.sp.jedit.options,DockPositionCellRenderer,0,0,2,1,10,2,0,0,-1.0,1,1
.,org.gjt.sp.jedit.options,WindowTableModel,8,0,14,11,122,29,0,0,0.35714285714285715,0,4
.,org.gjt.sp.jedit.options,Entry,3,0,2,0,15,4,0,0,0.0,0,2
.,org.gjt.sp.jedit.options,WindowCompare,0,0,1,1,7,1,0,0,-1.0,0,2
.,org.gjt.sp.jedit.options,ToolBarOptionPane,16,0,16,10,246,39,0,2,0.125,2,9
.,org.gjt.sp.jedit.options,ButtonCompare,0,0,1,1,5,1,0,0,-1.0,0,2
.,org.gjt.sp.jedit.options,Button,4,0,4,3,22,5,0,0,0.0,5,1
.,org.gjt.sp.jedit.options,IconListEntry,2,0,2,1,11,2,0,0,0.0,3,0
.,org.gjt.sp.jedit.options,ButtonCellRenderer,0,0,1,1,8,1,0,0,-1.0,0,1
.,org.gjt.sp.jedit.options,IconCellRenderer,0,0,1,1,8,1,0,0,-1.0,0,1
.,org.gjt.sp.jedit.options,ActionHandler,0,0,1,1,64,13,0,0,-1.0,0,3
.,org.gjt.sp.jedit.options,ListHandler,0,0,1,1,5,1,0,0,-1.0,0,0
.,org.gjt.sp.jedit.options,ToolBarEditDialog,12,0,8,6,221,31,0,1,0.25,0,11
.,org.gjt.sp.jedit.options,ActionHandler,0,0,1,1,24,8,0,0,-1.0,0,4
.,org.gjt.sp.jedit.options,ActionSetCompare,0,0,1,1,5,1,0,0,-1.0,0,2
.,org.gjt.sp.jedit.options,PluginOptions,1,0,7,5,50,13,0,2,0.8571428571428571,0,4
.,org.gjt.sp.jedit.options,NoPluginsPane,0,0,1,1,5,1,0,2,-1.0,0,0
.,org.gjt.sp.jedit.options,BrowserOptionPane,10,0,3,3,70,8,0,2,0.6666666666666666,0,1
.,org.gjt.sp.jedit.options,ContextOptionPane,1,0,4,1,32,4,0,3,0.75,0,1
.,org.gjt.sp.jedit.options,AppearanceOptionPane,16,1,7,3,145,16,0,2,0.2857142857142857,0,6
.,org.gjt.sp.jedit.options,MouseOptionPane,7,0,3,2,59,9,0,2,0.6666666666666666,0,1
.,org.gjt.sp.jedit.options,SaveBackupOptionPane,13,0,5,3,125,13,0,2,0.4,0,3
.,org.gjt.sp.jedit.options,MyActionListener,0,0,1,1,6,2,0,0,-1.0,0,2
.,org.gjt.sp.jedit.options,MyActionListener2,0,0,1,1,6,2,0,0,-1.0,0,2
.,org.gjt.sp.jedit.options,IntegerInputVerifier,0,0,1,1,14,2,0,0,-1.0,0,0
.,org.gjt.sp.jedit.options,IconTheme,1,0,3,3,13,3,0,0,1.0,1,2
.,org.gjt.sp.jedit.options,ViewOptionPane,22,0,6,4,172,20,0,2,0.3333333333333333,0,5
.,org.gjt.sp.jedit.options,ActionHandler,0,0,1,1,19,12,0,0,-1.0,0,0
.,org.gjt.sp.jedit.options,GeneralOptionPane,19,4,6,4,166,14,0,2,0.5,3,1
.,org.gjt.sp.jedit.options,LangCellRenderer,0,0,1,1,8,2,0,0,-1.0,0,1
.,org.gjt.sp.jedit.options,GutterOptionPane,27,0,11,9,161,16,0,2,0.18181818181818182,2,8
.,org.gjt.sp.jedit.visitors,JEditVisitor,0,0,3,0,25,3,1,0,-1.0,2,3
.,org.gjt.sp.jedit.visitors,SaveCaretInfoVisitor,0,0,1,1,9,1,0,2,-1.0,0,1
.,org.gjt.sp.jedit.visitors,JEditVisitorAdapter,0,0,3,3,26,3,2,1,-1.0,0,3
.,org.gjt.sp.jedit.bufferset,BufferSetListener,0,0,4,0,30,4,2,0,-1.0,1,1
.,org.gjt.sp.jedit.bufferset,BufferSetManager,1,0,23,19,274,56,0,0,0.4782608695652174,8,13
.,org.gjt.sp.jedit.bufferset,BufferSetAdapter,0,0,4,4,14,4,0,1,-1.0,0,1
.,org.gjt.sp.jedit.bufferset,BufferSet,5,0,20,17,218,49,0,0,0.15,11,6
.,org.gjt.sp.jedit.bufferset,NameSorter,0,0,1,1,9,2,0,0,-1.0,0,2
.,org.gjt.sp.jedit.bufferset,PathSorter,0,0,1,1,5,1,0,0,-1.0,0,2
.,org.gjt.sp.jedit.proto.jeditresource,Handler,0,0,1,1,9,1,0,0,-1.0,0,1
.,org.gjt.sp.jedit.proto.jeditresource,PluginResURLConnection,3,0,4,4,85,22,0,0,0.0,1,3
.,org.gjt.sp.jedit.msg,BufferUpdate,12,10,5,5,86,6,0,1,0.4,15,2
.,org.gjt.sp.jedit.msg,DockableWindowUpdate,5,3,4,4,52,5,0,1,0.0,3,1
.,org.gjt.sp.jedit.msg,EditorExitRequested,1,0,4,4,34,4,0,1,0.75,1,1
.,org.gjt.sp.jedit.msg,PluginUpdate,10,5,8,8,110,12,0,1,0.0,9,3
.,org.gjt.sp.jedit.msg,BufferChanging,1,0,2,2,26,3,0,3,0.0,0,4
.,org.gjt.sp.jedit.msg,EditorStarted,0,0,1,1,15,1,0,1,-1.0,0,1
.,org.gjt.sp.jedit.msg,VFSUpdate,1,0,3,3,27,4,0,1,0.0,2,0
.,org.gjt.sp.jedit.msg,PositionChanging,0,0,3,2,17,3,1,2,-1.0,0,3
.,org.gjt.sp.jedit.msg,RegisterChanged,1,0,4,4,26,4,0,1,0.0,1,2
.,org.gjt.sp.jedit.msg,PropertiesChanging,1,0,2,2,23,2,0,1,0.0,1,1
.,org.gjt.sp.jedit.msg,SearchSettingsChanged,0,0,1,1,15,1,0,1,-1.0,1,1
.,org.gjt.sp.jedit.msg,ViewUpdate,6,5,4,4,57,5,0,1,0.5,7,1
.,org.gjt.sp.jedit.msg,PropertiesChanged,0,0,2,2,22,2,0,1,-1.0,14,1
.,org.gjt.sp.jedit.msg,VFSPathSelected,2,0,4,4,33,4,0,1,0.5,0,1
.,org.gjt.sp.jedit.msg,EditorExiting,0,0,1,1,15,1,0,1,-1.0,0,1
.,org.gjt.sp.jedit.msg,EditPaneUpdate,7,6,4,4,60,5,1,1,0.5,11,1
.,org.gjt.sp.jedit.msg,DynamicMenuChanged,1,0,3,3,26,3,0,1,0.0,2,0
.,org.gjt.sp.jedit.input,InputHandlerProvider,0,0,1,0,7,1,3,0,-1.0,1,0
.,org.gjt.sp.jedit.input,AbstractInputHandler,10,1,21,19,244,44,2,0,0.6666666666666666,7,5
.,org.gjt.sp.jedit.input,TextAreaInputHandler,1,0,9,4,188,50,0,1,0.0,0,11
.,org.gjt.sp.jedit.input,DefaultInputHandlerProvider,1,0,2,2,14,2,0,1,0.0,0,1
.,org.gjt.sp.jedit.pluginmgr,MirrorList,8,6,9,5,106,16,0,0,0.2222222222222222,7,6
.,org.gjt.sp.jedit.pluginmgr,Mirror,6,6,0,0,8,0,0,0,-1.0,8,0
.,org.gjt.sp.jedit.pluginmgr,MirrorCompare,0,0,2,2,10,5,0,0,-1.0,0,1
.,org.gjt.sp.jedit.pluginmgr,ManagePanel,39,4,54,34,930,178,0,0,0.18518518518518517,3,24
.,org.gjt.sp.jedit.pluginmgr,ManagePanelRestoreHandler,0,0,2,1,18,3,0,0,-1.0,0,0
.,org.gjt.sp.jedit.pluginmgr,Entry,16,0,3,1,104,10,0,0,0.0,11,6
.,org.gjt.sp.jedit.pluginmgr,PluginTableModel,4,0,17,14,234,68,0,0,0.29411764705882354,4,8
.,org.gjt.sp.jedit.pluginmgr,TextRenderer,1,0,2,1,12,3,0,0,0.0,0,1
.,org.gjt.sp.jedit.pluginmgr,HideLibrariesButton,0,0,2,1,11,2,0,0,-1.0,0,1
.,org.gjt.sp.jedit.pluginmgr,RestoreButton,0,0,2,1,23,4,0,1,-1.0,0,5
.,org.gjt.sp.jedit.pluginmgr,SaveButton,0,0,3,1,53,7,0,1,-1.0,0,10
.,org.gjt.sp.jedit.pluginmgr,RemoveButton,0,0,3,2,77,14,0,0,-1.0,0,8
.,org.gjt.sp.jedit.pluginmgr,FindOrphan,0,0,2,1,75,16,0,0,-1.0,0,6
.,org.gjt.sp.jedit.pluginmgr,HelpButton,1,0,3,2,38,8,0,0,0.6666666666666666,0,4
.,org.gjt.sp.jedit.pluginmgr,EntryCompare,6,4,3,1,41,9,0,0,0.0,5,3
.,org.gjt.sp.jedit.pluginmgr,HeaderMouseHandler,0,0,2,2,49,10,0,0,-1.0,1,4
.,org.gjt.sp.jedit.pluginmgr,CleanupActionListener,0,0,1,1,25,5,0,0,-1.0,0,3
.,org.gjt.sp.jedit.pluginmgr,KeyboardAction,1,0,2,1,28,7,0,0,0.0,0,0
.,org.gjt.sp.jedit.pluginmgr,TableFocusHandler,0,0,1,1,12,3,0,0,-1.0,0,0
.,org.gjt.sp.jedit.pluginmgr,HeaderRenderer,1,0,2,1,13,2,0,0,0.0,0,2
.,org.gjt.sp.jedit.pluginmgr,TableSelectionListener,0,0,1,1,9,2,0,0,-1.0,0,0
.,org.gjt.sp.jedit.pluginmgr,MirrorListHandler,9,0,10,6,72,16,0,0,0.2,0,4
.,org.gjt.sp.jedit.pluginmgr,PluginListHandler,23,0,11,7,159,39,0,0,0.18181818181818182,0,7
.,org.gjt.sp.jedit.pluginmgr,PluginManager,13,1,22,14,209,48,0,0,0.0,12,14
.,org.gjt.sp.jedit.pluginmgr,ActionHandler,0,0,1,1,8,4,0,0,-1.0,0,0
.,org.gjt.sp.jedit.pluginmgr,ListUpdater,0,0,1,1,9,3,0,0,-1.0,0,0
.,org.gjt.sp.jedit.pluginmgr,Roster,10,0,26,12,280,62,0,0,0.23076923076923078,2,13
.,org.gjt.sp.jedit.pluginmgr,Operation,0,0,3,3,9,3,2,0,-1.0,1,0
.,org.gjt.sp.jedit.pluginmgr,Remove,1,0,4,2,47,11,0,1,0.0,0,7
.,org.gjt.sp.jedit.pluginmgr,Install,5,0,8,6,152,24,0,1,0.375,0,9
.,org.gjt.sp.jedit.pluginmgr,PluginDetailPanel,3,0,3,0,73,12,0,0,0.0,0,3
.,org.gjt.sp.jedit.pluginmgr,PluginManagerProgress,8,0,13,11,115,17,0,1,0.3076923076923077,0,2
.,org.gjt.sp.jedit.pluginmgr,ActionHandler,0,0,1,1,8,2,0,0,-1.0,0,0
.,org.gjt.sp.jedit.pluginmgr,WindowHandler,1,0,2,2,13,3,0,0,1.0,0,0
.,org.gjt.sp.jedit.pluginmgr,RosterThread,0,0,2,1,8,2,0,0,-1.0,0,0
.,org.gjt.sp.jedit.pluginmgr,PluginList,33,3,26,5,391,80,0,0,0.07692307692307693,5,17
.,org.gjt.sp.jedit.pluginmgr,PluginSet,2,0,1,1,7,1,0,0,0.0,2,0
.,org.gjt.sp.jedit.pluginmgr,Plugin,8,0,6,1,93,22,0,0,0.3333333333333333,6,7
.,org.gjt.sp.jedit.pluginmgr,Branch,8,0,4,2,31,9,0,0,0.0,8,0
.,org.gjt.sp.jedit.pluginmgr,Dependency,5,0,5,1,59,17,0,0,0.0,2,5
.,org.gjt.sp.jedit.pluginmgr,InstallPanel,47,0,67,43,907,204,0,1,0.1791044776119403,5,22
.,org.gjt.sp.jedit.pluginmgr,PluginTableModel,5,0,18,15,319,96,0,0,0.3888888888888889,0,9
.,org.gjt.sp.jedit.pluginmgr,Entry,14,0,4,1,51,6,0,0,0.0,0,6
.,org.gjt.sp.jedit.pluginmgr,PluginInfoBox,0,0,2,1,36,4,0,0,-1.0,1,3
.,org.gjt.sp.jedit.pluginmgr,SizeLabel,2,0,3,1,28,7,0,0,0.0,0,2
.,org.gjt.sp.jedit.pluginmgr,SelectallButton,0,0,3,2,22,8,0,0,-1.0,0,1
.,org.gjt.sp.jedit.pluginmgr,StringMapHandler,0,0,2,1,13,3,0,0,-1.0,0,0
.,org.gjt.sp.jedit.pluginmgr,ChoosePluginSet,1,0,3,2,25,6,0,1,0.0,1,4
.,org.gjt.sp.jedit.pluginmgr,ClearPluginSet,0,0,2,1,13,2,0,1,-1.0,0,3
.,org.gjt.sp.jedit.pluginmgr,InstallButton,0,0,3,2,50,16,0,0,-1.0,0,4
.,org.gjt.sp.jedit.pluginmgr,EntryCompare,8,0,2,1,46,9,0,0,0.0,0,2
.,org.gjt.sp.jedit.pluginmgr,HeaderMouseHandler,0,0,1,1,7,1,0,0,-1.0,0,0
.,org.gjt.sp.jedit.pluginmgr,TextRenderer,1,0,2,1,11,3,0,0,0.0,0,0
.,org.gjt.sp.jedit.pluginmgr,KeyboardAction,1,0,2,1,31,8,0,0,0.0,0,0
.,org.gjt.sp.jedit.pluginmgr,TableFocusHandler,0,0,1,1,12,3,0,0,-1.0,0,0
.,org.gjt.sp.jedit.pluginmgr,HeaderRenderer,1,0,2,1,13,2,0,0,0.0,0,1
.,org.gjt.sp.jedit.io,VFSFile,15,3,34,32,283,63,3,0,0.11764705882352941,39,10
.,org.gjt.sp.jedit.io,VFSFileFilter,1,0,3,0,21,3,2,0,-1.0,2,1
.,org.gjt.sp.jedit.io,VFS,26,14,47,42,744,105,4,0,0.10638297872340426,42,16
.,org.gjt.sp.jedit.io,DirectoryEntryCompare,2,0,2,2,22,4,0,0,0.0,0,2
.,org.gjt.sp.jedit.io,ColorEntry,2,0,1,0,8,1,0,0,0.0,0,0
.,org.gjt.sp.jedit.io,SessionGetter,3,0,3,3,15,3,0,0,0.0,1,0
.,org.gjt.sp.jedit.io,LocalFileSaveTask,4,0,2,2,49,3,0,2,0.0,0,2
.,org.gjt.sp.jedit.io,RegexEncodingDetector,3,1,3,2,48,6,0,1,0.0,2,2
.,org.gjt.sp.jedit.io,EncodingServer,1,0,6,6,73,10,0,0,0.0,6,3
.,org.gjt.sp.jedit.io,AutoDetection,3,0,9,8,112,16,0,0,0.0,5,6
.,org.gjt.sp.jedit.io,Result,3,0,4,4,42,5,0,0,0.0,1,1
.,org.gjt.sp.jedit.io,FavoritesVFS,5,1,14,13,127,28,0,1,0.21428571428571427,10,7
.,org.gjt.sp.jedit.io,Favorite,1,0,4,3,19,5,0,1,0.75,6,3
.,org.gjt.sp.jedit.io,FileRootsVFS,2,1,7,5,74,19,0,1,0.7142857142857143,4,4
.,org.gjt.sp.jedit.io,Root,0,0,2,1,29,8,0,1,-1.0,0,3
.,org.gjt.sp.jedit.io,UrlVFS,0,0,5,5,45,6,0,1,-1.0,0,2
.,org.gjt.sp.jedit.io,GlobVFSFileFilter,2,0,7,7,40,9,0,1,0.42857142857142855,2,3
.,org.gjt.sp.jedit.io,EncodingWithBOM,5,0,5,5,86,18,0,1,0.4,0,1
.,org.gjt.sp.jedit.io,Detector,0,0,1,1,37,11,0,1,-1.0,0,0
.,org.gjt.sp.jedit.io,CopyFileWorker,6,0,9,5,179,27,0,2,0.0,1,5
.,org.gjt.sp.jedit.io,EncodingDetector,0,0,1,1,11,1,3,0,-1.0,1,0
.,org.gjt.sp.jedit.io,VFSManager,10,1,23,21,264,43,0,0,0.43478260869565216,43,12
.,org.gjt.sp.jedit.io,SendVFSUpdatesSafely,0,0,1,1,9,2,0,0,-1.0,0,2
.,org.gjt.sp.jedit.io,ErrorDisplayer,1,0,4,3,56,8,0,0,0.0,0,3
.,org.gjt.sp.jedit.io,CharsetEncoding,1,0,4,4,23,4,0,1,0.0,4,0
.,org.gjt.sp.jedit.io,Encoding,0,0,3,0,19,3,3,0,-1.0,3,0
.,org.gjt.sp.jedit.io,XMLEncodingDetector,0,0,2,1,42,8,0,1,-1.0,1,2
.,org.gjt.sp.jedit.io,FileVFS,7,2,29,28,314,68,0,1,0.5862068965517241,7,11
.,org.gjt.sp.jedit.io,LocalFile,5,1,10,9,74,14,0,1,0.0,0,2
.,org.gjt.sp.jedit.print,BufferPrintable1_7,25,0,11,4,321,53,0,0,0.18181818181818182,0,12
.,org.gjt.sp.jedit.print,PrintTabExpander,1,0,2,1,10,2,0,0,0.0,2,0
.,org.gjt.sp.jedit.print,PrinterDialog,53,5,60,44,1243,168,0,0,0.2833333333333333,1,13
.,org.gjt.sp.jedit.print,PrinterPanel,0,0,2,1,7,2,5,0,-1.0,1,0
.,org.gjt.sp.jedit.print,GeneralPanel,7,0,7,7,170,20,0,1,0.42857142857142855,0,3
.,org.gjt.sp.jedit.print,PrintServiceCellRenderer,0,0,2,2,23,3,0,0,-1.0,0,1
.,org.gjt.sp.jedit.print,PageSetupPanel,6,0,18,11,334,44,0,1,0.4444444444444444,1,4
.,org.gjt.sp.jedit.print,SidesCellRenderer,0,0,2,2,9,2,0,0,-1.0,0,0
.,org.gjt.sp.jedit.print,OrientationCellRenderer,0,0,2,2,9,2,0,0,-1.0,0,0
.,org.gjt.sp.jedit.print,FinishingCellRenderer,0,0,2,2,9,2,0,0,-1.0,0,0
.,org.gjt.sp.jedit.print,JobPanel,4,0,3,3,72,6,0,1,0.0,0,3
.,org.gjt.sp.jedit.print,Priority,6,4,3,2,18,3,0,0,0.0,3,1
.,org.gjt.sp.jedit.print,AdvancedPanel,2,0,6,6,50,6,0,1,0.8333333333333334,0,2
.,org.gjt.sp.jedit.print,QualityCellRenderer,0,0,2,2,9,2,0,0,-1.0,0,0
.,org.gjt.sp.jedit.print,ChromaticityCellRenderer,0,0,2,2,9,2,0,0,-1.0,0,0
.,org.gjt.sp.jedit.print,jEditPanel,6,0,2,2,48,2,0,1,0.0,0,3
.,org.gjt.sp.jedit.print,MyButtonGroup,0,0,1,1,8,2,0,0,-1.0,0,0
.,org.gjt.sp.jedit.print,Reverse,1,0,3,3,15,3,0,0,1.0,1,0
.,org.gjt.sp.jedit.print,BufferPrinter1_7,3,0,16,10,307,42,0,0,0.0,7,13
.,org.gjt.sp.jedit.print,JobListener,1,0,4,4,30,5,0,0,0.0,0,2
.,org.gjt.sp.jedit.print,PrintRangeType,7,6,5,5,48,11,0,0,1.0,6,1
.,org.gjt.sp.jedit.print,BasicPrintPreviewPaneUI,3,0,17,15,175,26,0,1,0.29411764705882354,0,4
.,org.gjt.sp.jedit.print,PrintPreviewRenderer,0,0,6,5,95,14,0,0,-1.0,1,2
.,org.gjt.sp.jedit.print,PrintPreviewPane,3,0,11,11,57,16,0,0,0.18181818181818182,2,1
.,org.gjt.sp.jedit.print,BufferPrintable,24,0,9,4,197,33,0,0,0.2222222222222222,0,11
.,org.gjt.sp.jedit.print,PrintTabExpander,1,0,2,1,10,2,0,0,0.0,0,0
.,org.gjt.sp.jedit.print,PrintPreviewModel,10,0,23,23,132,24,0,0,0.13043478260869565,6,3
.,org.gjt.sp.jedit.print,PrintPreview,16,0,15,12,274,62,0,1,0.13333333333333333,0,7
.,org.gjt.sp.jedit.print,Margins,5,0,14,12,98,22,0,0,0.21428571428571427,3,1
.,org.gjt.sp.jedit.print,PrintPreviewPaneUI,0,0,0,0,5,0,1,0,-1.0,0,0
.,org.gjt.sp.jedit.print,BufferPrinter1_4,2,0,5,3,105,21,0,0,0.0,1,6
.,org.gjt.sp.jedit.print,Range,2,0,5,5,25,5,0,0,0.0,3,0
.,org.gjt.sp.jedit.print,PageBreakExtension,4,0,8,7,79,20,0,1,0.0,0,11
.,org.gjt.sp.jedit.print,BufferPrinter1_3,2,0,4,3,54,7,0,0,0.0,1,5
.,org.gjt.sp.jedit.datatransfer,JEditRichText,2,0,4,4,21,4,0,0,0.0,1,1
.,org.gjt.sp.jedit.datatransfer,StringTransferableService,0,0,2,2,12,2,0,1,-1.0,0,1
.,org.gjt.sp.jedit.datatransfer,ListVFSFileTransferable,3,2,4,4,40,11,0,0,0.5,1,1
.,org.gjt.sp.jedit.datatransfer,RichTextTransferable,3,0,4,4,23,5,0,0,0.5,0,1
.,org.gjt.sp.jedit.datatransfer,JEditTransferable,2,0,4,4,23,5,0,0,0.0,0,0
.,org.gjt.sp.jedit.datatransfer,RichJEditTextTransferableService,0,0,2,2,12,2,0,1,-1.0,0,1
.,org.gjt.sp.jedit.datatransfer,TransferHandler,2,0,4,3,31,8,0,0,0.5,3,3
.,org.gjt.sp.jedit.datatransfer,JEditDataFlavor,2,2,0,0,8,0,0,0,-1.0,3,0
.,org.gjt.sp.jedit.datatransfer,JEditTransferableService,0,0,2,0,8,2,2,0,-1.0,2,1
.,org.gjt.sp.jedit.search,SearchMatcher,6,3,7,4,83,13,2,0,0.2857142857142857,7,2
.,org.gjt.sp.jedit.search,Match,3,3,1,1,8,1,0,0,0.0,7,0
.,org.gjt.sp.jedit.search,SearchAndReplace,12,0,44,33,805,151,0,0,0.045454545454545456,14,26
.,org.gjt.sp.jedit.search,HyperSearchResults,26,6,60,37,637,132,0,1,0.21666666666666667,5,28
.,org.gjt.sp.jedit.search,ActionHandler,0,0,1,1,27,8,0,0,-1.0,1,5
.,org.gjt.sp.jedit.search,HighlightingTree,2,0,2,1,54,9,0,0,0.0,0,4
.,org.gjt.sp.jedit.search,KeyHandler,0,0,2,2,26,5,0,0,-1.0,0,0
.,org.gjt.sp.jedit.search,MouseHandler,1,0,2,1,44,10,0,0,0.0,0,3
.,org.gjt.sp.jedit.search,RemoveTreeNodeAction,0,0,2,1,8,2,0,0,-1.0,0,1
.,org.gjt.sp.jedit.search,RemoveAllTreeNodesAction,0,0,2,1,8,2,0,0,-1.0,0,1
.,org.gjt.sp.jedit.search,NewSearchAction,0,0,2,1,15,3,0,0,-1.0,0,5
.,org.gjt.sp.jedit.search,ExpandChildTreeNodesAction,0,0,2,1,10,2,0,0,-1.0,0,1
.,org.gjt.sp.jedit.search,CopyToClipboardAction,0,0,2,1,14,2,0,0,-1.0,0,3
.,org.gjt.sp.jedit.search,ToStringNodes,1,0,1,1,14,3,0,1,0.0,3,1
.,org.gjt.sp.jedit.search,CollapseChildTreeNodesAction,0,0,2,1,14,3,0,0,-1.0,0,1
.,org.gjt.sp.jedit.search,RedoSearchAction,1,0,2,1,16,2,0,0,0.0,0,3
.,org.gjt.sp.jedit.search,TreeDisplayAction,0,0,1,1,30,4,0,0,-1.0,0,1
.,org.gjt.sp.jedit.search,GoToNodeAction,1,0,2,1,10,2,0,0,0.0,0,1
.,org.gjt.sp.jedit.search,ResultCellRenderer,4,0,4,1,45,9,0,1,0.5,0,4
.,org.gjt.sp.jedit.search,CountNodes,2,0,1,1,12,2,0,1,0.0,2,0
.,org.gjt.sp.jedit.search,ResultTreeTransferHandler,0,0,1,1,13,2,0,0,-1.0,0,1
.,org.gjt.sp.jedit.search,ResultVisitor,0,0,1,0,3,1,2,0,-1.0,1,2
.,org.gjt.sp.jedit.search,BufferLoadedVisitor,0,0,1,1,5,1,0,1,-1.0,0,2
.,org.gjt.sp.jedit.search,BufferClosedVisitor,0,0,1,1,5,1,0,1,-1.0,0,2
.,org.gjt.sp.jedit.search,TreeNodeCallbackAdapter,0,0,1,1,5,1,0,1,-1.0,0,0
.,org.gjt.sp.jedit.search,BoyerMooreSearchMatcher,7,0,8,5,150,31,0,1,0.0,1,3
.,org.gjt.sp.jedit.search,HyperSearchFileNode,4,2,7,7,51,10,0,1,0.2857142857142857,5,6
.,org.gjt.sp.jedit.search,PatternSearchMatcher,3,0,7,6,170,36,0,1,0.0,2,3
.,org.gjt.sp.jedit.search,SearchFileSet,0,0,7,0,43,7,2,0,-1.0,6,1
.,org.gjt.sp.jedit.search,HyperSearchRequest,7,0,8,4,172,27,0,2,0.0,0,16
.,org.gjt.sp.jedit.search,SearchBar,16,0,16,12,262,51,0,0,0.125,1,12
.,org.gjt.sp.jedit.search,ActionHandler,0,0,1,1,23,7,0,0,-1.0,0,2
.,org.gjt.sp.jedit.search,DocumentHandler,0,0,3,3,32,9,0,0,-1.0,0,2
.,org.gjt.sp.jedit.search,KeyHandler,0,0,1,1,19,5,0,0,-1.0,0,0
.,org.gjt.sp.jedit.search,FocusHandler,0,0,1,1,5,1,0,0,-1.0,0,0
.,org.gjt.sp.jedit.search,HyperSearchFolderNode,3,0,3,3,24,4,0,0,0.0,3,0
.,org.gjt.sp.jedit.search,DirectoryListSet,3,0,9,8,68,9,0,2,0.0,2,4
.,org.gjt.sp.jedit.search,CurrentBufferSet,0,0,7,7,30,9,0,1,-1.0,0,1
.,org.gjt.sp.jedit.search,HyperSearchResult,13,11,17,7,139,31,0,1,0.0,7,12
.,org.gjt.sp.jedit.search,Occur,5,5,3,0,19,4,0,0,0.0,2,1
.,org.gjt.sp.jedit.search,GotoDelayed,2,0,4,2,41,10,0,0,0.0,0,4
.,org.gjt.sp.jedit.search,HyperSearchNode,0,0,2,0,8,2,2,0,-1.0,1,2
.,org.gjt.sp.jedit.search,HyperSearchOperationNode,5,0,10,10,128,30,0,0,0.3,5,4
.,org.gjt.sp.jedit.search,SearchDialog,36,3,33,20,721,94,0,1,0.06060606060606061,6,17
.,org.gjt.sp.jedit.search,ReplaceActionHandler,0,0,1,1,6,1,0,0,-1.0,0,1
.,org.gjt.sp.jedit.search,SettingsActionHandler,0,0,1,1,9,3,0,0,-1.0,0,0
.,org.gjt.sp.jedit.search,MultiFileActionHandler,0,0,2,1,24,7,0,0,-1.0,0,4
.,org.gjt.sp.jedit.search,ButtonActionHandler,0,0,1,1,39,12,0,0,-1.0,0,2
.,org.gjt.sp.jedit.search,FocusOrder,1,0,7,7,46,11,0,0,0.0,0,0
.,org.gjt.sp.jedit.search,BufferListSet,1,0,10,8,85,30,2,1,0.2,0,4
.,org.gjt.sp.jedit.search,HyperSearchTreeNodeCallback,0,0,1,1,6,1,3,0,-1.0,1,0
.,org.gjt.sp.jedit.search,AllBufferSet,2,0,5,4,55,7,0,2,0.0,0,3
.,org.gjt.sp.jedit.browser,BrowserCommandsMenu,4,0,8,3,181,38,0,0,0.0,1,8
.,org.gjt.sp.jedit.browser,ActionHandler,0,0,1,1,16,5,0,0,-1.0,0,2
.,org.gjt.sp.jedit.browser,DeleteBrowserTask,0,0,3,2,43,4,0,3,-1.0,0,4
.,org.gjt.sp.jedit.browser,VFSFileNameField,1,0,5,3,151,36,0,1,0.0,1,7
.,org.gjt.sp.jedit.browser,ListDirectoryBrowserTask,1,0,3,2,51,3,0,3,0.6666666666666666,0,4
.,org.gjt.sp.jedit.browser,BrowserView,9,0,32,28,419,108,0,0,0.09375,1,20
.,org.gjt.sp.jedit.browser,ParentDirectoryRenderer,2,0,2,1,26,6,0,0,0.0,0,3
.,org.gjt.sp.jedit.browser,ParentMouseHandler,0,0,2,2,35,11,0,0,-1.0,0,3
.,org.gjt.sp.jedit.browser,TableKeyListener,0,0,1,1,20,5,0,0,-1.0,0,0
.,org.gjt.sp.jedit.browser,TableMouseHandler,0,0,3,3,60,20,0,0,-1.0,0,6
.,org.gjt.sp.jedit.browser,LoadingPlaceholder,0,0,0,0,2,0,0,0,-1.0,0,0
.,org.gjt.sp.jedit.browser,ParentDirectoryList,0,0,2,1,88,28,0,0,-1.0,0,4
.,org.gjt.sp.jedit.browser,RenameBrowserTask,1,0,3,2,58,7,0,3,0.0,0,6
.,org.gjt.sp.jedit.browser,VFSDirectoryEntryTableModel,15,0,25,18,228,60,0,0,0.08,7,9
.,org.gjt.sp.jedit.browser,Entry,5,0,2,0,16,2,0,0,0.0,9,3
.,org.gjt.sp.jedit.browser,ExtendedAttribute,2,0,1,0,8,1,0,0,0.0,1,0
.,org.gjt.sp.jedit.browser,EntryCompare,4,0,2,1,35,10,0,0,0.0,0,5
.,org.gjt.sp.jedit.browser,VFSBrowser,42,11,100,74,1269,264,0,1,0.2,44,45
.,org.gjt.sp.jedit.browser,ActionHandler,1,0,4,3,45,12,0,0,0.0,0,0
.,org.gjt.sp.jedit.browser,MenuButton,1,0,7,5,39,10,3,1,0.5714285714285714,0,3
.,org.gjt.sp.jedit.browser,MouseHandler,0,0,1,1,10,2,0,0,-1.0,0,0
.,org.gjt.sp.jedit.browser,Action,0,0,1,1,5,1,0,0,-1.0,0,0
.,org.gjt.sp.jedit.browser,CommandsMenuButton,0,0,2,0,12,2,0,2,-1.0,0,2
.,org.gjt.sp.jedit.browser,PluginsMenuButton,0,0,4,0,21,6,0,2,-1.0,0,2
.,org.gjt.sp.jedit.browser,FavoritesMenuButton,0,0,4,1,77,14,0,2,-1.0,0,8
.,org.gjt.sp.jedit.browser,ActionHandler,0,0,1,1,34,8,0,0,-1.0,0,4
.,org.gjt.sp.jedit.browser,BrowserActionContext,0,0,1,1,27,2,0,2,-1.0,0,8
.,org.gjt.sp.jedit.browser,HistoryComboBoxEditor,1,0,5,3,47,12,0,1,0.8,1,1
.,org.gjt.sp.jedit.browser,VFSFileFilterRenderer,0,0,1,1,8,1,0,0,-1.0,0,0
.,org.gjt.sp.jedit.browser,DirectoriesOnlyFilter,0,0,3,3,11,3,0,1,-1.0,0,2
.,org.gjt.sp.jedit.browser,DelayedEndRequest,0,0,1,1,5,1,0,0,-1.0,0,0
.,org.gjt.sp.jedit.browser,FileCellRenderer,22,6,12,9,149,26,0,0,0.16666666666666666,14,8
.,org.gjt.sp.jedit.browser,ExpansionToggleBorder,9,0,5,4,39,7,0,0,0.4,3,0
.,org.gjt.sp.jedit.browser,BrowserListener,0,0,2,0,21,2,1,0,-1.0,1,1
.,org.gjt.sp.jedit.browser,MkDirBrowserTask,0,0,3,2,43,4,0,3,-1.0,0,4
.,org.gjt.sp.jedit.browser,VFSDirectoryEntryTable,14,0,42,31,518,127,0,0,0.2619047619047619,2,15
.,org.gjt.sp.jedit.browser,ClearTypeSelect,0,0,1,1,5,1,0,0,-1.0,0,0
.,org.gjt.sp.jedit.browser,ColumnHandler,0,0,5,5,14,5,0,0,-1.0,0,0
.,org.gjt.sp.jedit.browser,MainMouseHandler,0,0,1,1,11,3,0,0,-1.0,0,4
.,org.gjt.sp.jedit.browser,MouseHandler,0,0,1,1,15,3,0,0,-1.0,0,2
.,org.gjt.sp.jedit.browser,HeaderRenderer,1,0,2,1,13,2,0,0,0.0,0,1
.,org.gjt.sp.jedit.browser,ColumnDragHook,4,0,14,9,122,32,0,0,0.0,1,0
.,org.gjt.sp.jedit.browser,AbstractBrowserTask,5,0,8,6,47,10,4,2,0.875,0,6
.,org.gjt.sp.jedit.browser,MyTaskListener,1,0,7,6,22,8,0,1,0.8571428571428571,1,3
.,org.gjt.sp.jedit.browser,VFSFileChooserDialog,12,0,27,21,362,89,0,1,0.2222222222222222,4,15
.,org.gjt.sp.jedit.browser,ActionHandler,0,0,1,1,6,3,0,0,-1.0,0,0
.,org.gjt.sp.jedit.browser,BrowserHandler,0,0,2,2,53,15,0,1,-1.0,0,6
.,org.gjt.sp.jedit.browser,IoTaskHandler,1,0,7,7,30,9,0,1,0.5714285714285714,0,2
.,org.gjt.sp.jedit.browser,GetFileTypeRequest,4,0,2,1,33,3,0,3,0.0,0,3
.,org.gjt.sp.jedit.textarea,TextAreaPainter,44,13,79,71,917,144,0,0,0.02531645569620253,7,16
.,org.gjt.sp.jedit.textarea,PaintLineBackground,0,0,2,1,43,12,0,1,-1.0,0,7
.,org.gjt.sp.jedit.textarea,PaintSelection,0,0,2,1,18,5,0,1,-1.0,0,1
.,org.gjt.sp.jedit.textarea,PaintSelectionText,2,0,3,1,80,20,0,1,0.0,0,5
.,org.gjt.sp.jedit.textarea,PaintWrapGuide,0,0,2,2,18,5,0,1,-1.0,0,0
.,org.gjt.sp.jedit.textarea,PaintText,0,0,1,1,52,9,0,1,-1.0,0,6
.,org.gjt.sp.jedit.textarea,PaintCaret,0,0,1,1,23,7,0,1,-1.0,1,0
.,org.gjt.sp.jedit.textarea,MouseHandler,1,0,3,3,90,19,0,1,0.0,0,6
.,org.gjt.sp.jedit.textarea,TextAreaException,0,0,1,1,10,1,0,0,-1.0,0,0
.,org.gjt.sp.jedit.textarea,DisplayManager,12,0,38,19,577,127,0,0,0.07894736842105263,7,7
.,org.gjt.sp.jedit.textarea,MutableInteger,1,0,3,2,12,3,0,0,0.0,1,0
.,org.gjt.sp.jedit.textarea,Node,0,0,3,0,5,3,1,0,-1.0,3,1
.,org.gjt.sp.jedit.textarea,MouseActions,2,0,2,1,17,3,0,1,0.0,0,2
.,org.gjt.sp.jedit.textarea,TextAreaExtension,0,0,4,4,64,6,10,0,-1.0,4,0
.,org.gjt.sp.jedit.textarea,ColumnBlockLine,4,0,8,8,32,8,0,0,0.0,3,0
.,org.gjt.sp.jedit.textarea,SquareFoldPainter,0,0,1,0,5,1,0,2,-1.0,0,0
.,org.gjt.sp.jedit.textarea,StandaloneTextArea,3,0,23,8,339,42,0,1,0.2608695652173913,3,17
.,org.gjt.sp.jedit.textarea,StandaloneActionSet,2,0,5,2,25,5,0,2,0.6,0,2
.,org.gjt.sp.jedit.textarea,ScrollLayout,18,9,12,5,212,44,0,0,0.0,1,0
.,org.gjt.sp.jedit.textarea,JEditTextArea,4,3,23,22,275,56,0,1,0.391304347826087,36,12
.,org.gjt.sp.jedit.textarea,InputMethodSupport,5,0,12,11,156,29,0,1,0.0,0,3
.,org.gjt.sp.jedit.textarea,TriangleFoldPainter,0,0,3,3,28,4,0,1,-1.0,0,2
.,org.gjt.sp.jedit.textarea,ScrollListener,0,0,2,0,10,2,1,0,-1.0,1,1
.,org.gjt.sp.jedit.textarea,ExtensionManager,3,0,7,0,96,17,0,0,0.0,0,6
.,org.gjt.sp.jedit.textarea,Entry,2,0,1,0,11,1,0,0,0.0,1,1
.,org.gjt.sp.jedit.textarea,TextAreaMouseHandler,10,0,17,7,328,79,1,0,0.0,5,9
.,org.gjt.sp.jedit.textarea,ColumnBlock,7,0,25,23,212,60,0,2,0.2,4,4
.,org.gjt.sp.jedit.textarea,StructureMatcher,6,5,11,6,118,21,1,0,-1.0,6,4
.,org.gjt.sp.jedit.textarea,BracketMatcher,0,0,2,2,16,4,0,1,-1.0,0,2
.,org.gjt.sp.jedit.textarea,Match,5,5,3,3,23,3,0,0,0.6666666666666666,5,1
.,org.gjt.sp.jedit.textarea,Highlight,1,0,4,1,61,12,0,1,0.0,0,2
.,org.gjt.sp.jedit.textarea,TextArea,69,3,299,255,4152,832,3,0,0.0802675585284281,48,34
.,org.gjt.sp.jedit.textarea,RectParams,3,0,1,0,10,1,0,0,0.0,1,0
.,org.gjt.sp.jedit.textarea,LineCharacterBreaker,4,0,15,15,89,20,0,0,0.2,1,2
.,org.gjt.sp.jedit.textarea,CharIterator,2,0,11,11,62,14,0,0,0.18181818181818182,3,1
.,org.gjt.sp.jedit.textarea,CaretBlinker,0,0,1,1,5,2,0,0,-1.0,0,0
.,org.gjt.sp.jedit.textarea,MutableCaretEvent,0,0,3,2,11,3,0,0,-1.0,1,0
.,org.gjt.sp.jedit.textarea,AdjustHandler,0,0,1,1,7,3,0,0,-1.0,0,0
.,org.gjt.sp.jedit.textarea,FocusHandler,0,0,2,2,19,8,0,0,-1.0,0,0
.,org.gjt.sp.jedit.textarea,MouseWheelHandler,0,0,1,1,41,12,0,0,-1.0,0,0
.,org.gjt.sp.jedit.textarea,RequestFocusLayerUI,0,0,3,2,15,4,0,0,-1.0,1,0
.,org.gjt.sp.jedit.textarea,Selection,6,0,39,23,408,90,2,0,0.358974358974359,32,4
.,org.gjt.sp.jedit.textarea,Range,0,0,9,5,78,21,0,1,-1.0,1,2
.,org.gjt.sp.jedit.textarea,Rect,2,0,14,9,223,52,1,1,0.42857142857142855,8,4
.,org.gjt.sp.jedit.textarea,BufferHandler,7,0,12,8,210,46,0,1,0.0,0,5
.,org.gjt.sp.jedit.textarea,FoldPainter,0,0,3,0,42,3,2,0,-1.0,2,2
.,org.gjt.sp.jedit.textarea,TextAreaTransferHandler,8,0,13,5,271,56,0,0,0.23076923076923078,0,12
.,org.gjt.sp.jedit.textarea,TextAreaSelection,1,0,1,0,7,1,0,0,0.0,0,1
.,org.gjt.sp.jedit.textarea,DraggedURLLoader,2,0,2,1,13,2,0,3,0.0,0,2
.,org.gjt.sp.jedit.textarea,SelectionManager,2,0,14,1,225,54,0,0,0.14285714285714285,0,4
.,org.gjt.sp.jedit.textarea,TextAreaDropHandler,3,0,5,4,37,8,0,0,0.0,0,3
.,org.gjt.sp.jedit.textarea,ShapedFoldPainter,0,0,4,3,33,8,2,1,-1.0,0,2
.,org.gjt.sp.jedit.textarea,AntiAlias,10,9,9,9,54,12,0,0,0.0,2,0
.,org.gjt.sp.jedit.textarea,TextAreaBorder,0,0,2,2,17,2,0,0,-1.0,0,0
.,org.gjt.sp.jedit.textarea,CircleFoldPainter,0,0,1,0,5,1,0,2,-1.0,0,0
.,org.gjt.sp.jedit.textarea,StatusListener,3,0,3,0,14,3,1,0,-1.0,1,1
.,org.gjt.sp.jedit.textarea,FirstLine,2,0,16,3,300,83,0,1,0.1875,0,4
.,org.gjt.sp.jedit.textarea,RangeMap,3,0,17,0,261,68,0,0,0.0,0,2
.,org.gjt.sp.jedit.textarea,ChunkCache,18,0,29,2,495,94,0,0,0.0,8,11
.,org.gjt.sp.jedit.textarea,LineInfo,8,0,1,1,34,1,0,0,0.0,8,3
.,org.gjt.sp.jedit.textarea,ScreenLineManager,2,0,9,2,75,19,0,0,0.0,0,3
.,org.gjt.sp.jedit.textarea,GutterPopupHandler,0,0,1,0,3,1,0,0,-1.0,2,0
.,org.gjt.sp.jedit.textarea,JEditEmbeddedTextArea,0,0,1,1,17,1,0,1,-1.0,0,4
.,org.gjt.sp.jedit.textarea,Gutter,44,6,57,50,654,142,0,0,0.05263157894736842,6,14
.,org.gjt.sp.jedit.textarea,MouseHandler,8,0,6,5,162,37,0,0,0.5,0,7
.,org.gjt.sp.jedit.textarea,ElasticTabStopBufferListener,4,0,7,6,329,63,0,2,0.0,1,3
.,org.gjt.sp.jedit.textarea,ScrollLineCount,0,0,7,2,65,19,0,1,-1.0,0,4
.,org.gjt.sp.jedit.textarea,Anchor,8,0,21,1,115,25,2,0,0.38095238095238093,0,2
.,org.gjt.sp.jedit.textarea,MouseActionsProvider,0,0,1,0,7,1,1,0,-1.0,2,0
.,org.gjt.sp.jedit.textarea,ElasticTabstopsTabExpander,1,0,3,2,48,10,0,0,0.0,1,3
.,org.gjt.sp.jedit.menu,EnhancedMenuItem,4,0,3,3,74,10,0,0,0.0,1,7
.,org.gjt.sp.jedit.menu,ReloadWithEncodingProvider,1,0,3,3,71,11,0,1,0.6666666666666666,0,7
.,org.gjt.sp.jedit.menu,RecentDirectoriesProvider,0,0,5,5,62,12,0,1,-1.0,0,7
.,org.gjt.sp.jedit.menu,FavoritesProvider,0,0,4,4,38,7,0,1,-1.0,0,9
.,org.gjt.sp.jedit.menu,DynamicMenuProvider,0,0,2,0,17,2,8,0,-1.0,1,0
.,org.gjt.sp.jedit.menu,MacrosProvider,0,0,3,2,41,11,0,1,-1.0,0,2
.,org.gjt.sp.jedit.menu,EnhancedMenu,7,0,11,9,81,26,0,0,0.2727272727272727,0,9
.,org.gjt.sp.jedit.menu,EditBusStub,2,0,3,2,14,4,0,0,0.0,1,2
.,org.gjt.sp.jedit.menu,DirectoryProvider,1,0,5,5,76,13,0,1,0.8,0,6
.,org.gjt.sp.jedit.menu,EnhancedCheckBoxMenuItem,3,0,5,5,84,14,0,0,0.4,0,9
.,org.gjt.sp.jedit.menu,Model,0,0,2,2,19,4,0,0,-1.0,0,2
.,org.gjt.sp.jedit.menu,MenuItemTextComparator,0,0,1,1,20,3,0,0,-1.0,0,1
.,org.gjt.sp.jedit.menu,RecentFilesProvider,0,0,6,6,98,20,0,1,-1.0,0,8
.,org.gjt.sp.jedit.menu,MarkersProvider,5,0,7,5,86,15,0,1,0.7142857142857143,0,5
.,org.gjt.sp.jedit.menu,MarkersMenuItem,5,0,4,2,51,9,0,0,0.0,0,2
.,org.gjt.sp.jedit.menu,PluginsProvider,0,0,3,2,72,20,0,1,-1.0,0,3
.,org.gjt.sp.jedit.gui,ShortcutPrefixActiveEvent,3,0,6,6,70,7,0,0,0.0,3,1
.,org.gjt.sp.jedit.gui,JEditHistoryModelSaver,3,0,3,2,105,16,0,1,0.0,1,7
.,org.gjt.sp.jedit.gui,ToolBarManager,6,0,6,3,51,12,0,0,0.0,2,3
.,org.gjt.sp.jedit.gui,Entry,2,0,1,0,8,1,0,0,0.0,8,0
.,org.gjt.sp.jedit.gui,ColorChooserDialog,2,0,6,5,61,6,0,0,0.5,4,1
.,org.gjt.sp.jedit.gui,BufferSwitcher,12,1,28,25,277,59,0,0,0.21428571428571427,6,11
.,org.gjt.sp.jedit.gui,BufferCellRenderer,0,0,1,1,15,2,0,0,-1.0,0,2
.,org.gjt.sp.jedit.gui,ComboBoxTransferHandler,1,0,2,2,15,4,0,0,0.0,0,1
.,org.gjt.sp.jedit.gui,BufferSwitcherTransferable,3,0,4,4,19,5,0,0,0.5,0,2
.,org.gjt.sp.jedit.gui,BufferTransferableData,2,0,3,3,14,3,0,0,0.0,2,1
.,org.gjt.sp.jedit.gui,BufferSwitcherTransferHandler,0,0,5,5,103,15,0,0,-1.0,0,9
.,org.gjt.sp.jedit.gui,ErrorListDialog,4,0,9,9,128,19,0,1,0.3333333333333333,3,5
.,org.gjt.sp.jedit.gui,ErrorEntry,2,0,4,4,43,9,0,0,0.0,3,3
.,org.gjt.sp.jedit.gui,JTextPaneSized,0,0,1,1,11,1,0,0,-1.0,0,0
.,org.gjt.sp.jedit.gui,ActionHandler,0,0,1,1,8,3,0,0,-1.0,1,1
.,org.gjt.sp.jedit.gui,DockingLayoutManager,10,0,20,9,166,52,0,1,0.1,3,14
.,org.gjt.sp.jedit.gui,LoadPerspectiveAction,1,0,2,2,10,2,0,2,1.0,0,3
.,org.gjt.sp.jedit.gui,TipOfTheDay,5,0,5,4,84,10,0,1,0.6,0,4
.,org.gjt.sp.jedit.gui,ActionHandler,0,0,1,1,10,4,0,0,-1.0,0,1
.,org.gjt.sp.jedit.gui,AddModeDialog,8,0,9,9,116,16,0,1,0.0,0,5
.,org.gjt.sp.jedit.gui,ActionHandler,0,0,1,1,24,5,0,0,-1.0,0,4
.,org.gjt.sp.jedit.gui,PingPongList,16,1,47,42,301,70,0,0,0.14893617021276595,2,5
.,org.gjt.sp.jedit.gui,MyListModel,1,0,8,7,35,10,0,0,0.0,2,0
.,org.gjt.sp.jedit.gui,MyTransferHandler,2,0,4,3,58,10,0,0,0.75,1,3
.,org.gjt.sp.jedit.gui,MyTransferable,2,1,5,3,19,5,0,0,0.4,2,0
.,org.gjt.sp.jedit.gui,ActionHandler,0,0,1,1,15,3,0,0,-1.0,0,0
.,org.gjt.sp.jedit.gui,MyListDataListener,0,0,4,3,15,4,0,0,-1.0,0,0
.,org.gjt.sp.jedit.gui,CloseDialog,9,0,8,7,150,23,0,1,0.0,0,8
.,org.gjt.sp.jedit.gui,ActionHandler,0,0,1,1,51,11,0,0,-1.0,0,4
.,org.gjt.sp.jedit.gui,ListHandler,0,0,1,1,18,4,0,0,-1.0,1,3
.,org.gjt.sp.jedit.gui,FilePropertiesDialog,9,0,11,10,195,29,0,1,0.0,0,12
.,org.gjt.sp.jedit.gui,ButtonActionHandler,0,0,1,1,11,3,0,0,-1.0,1,0
.,org.gjt.sp.jedit.gui,LogViewer,37,0,35,25,386,63,0,1,0.22857142857142856,0,10
.,org.gjt.sp.jedit.gui,ActionHandler,0,0,1,1,30,7,0,0,-1.0,0,1
.,org.gjt.sp.jedit.gui,ListHandler,0,0,3,3,11,3,0,0,-1.0,0,0
.,org.gjt.sp.jedit.gui,LogList,1,0,3,2,30,7,0,0,0.6666666666666666,0,0
.,org.gjt.sp.jedit.gui,ColorizerCellRenderer,11,0,5,4,71,12,0,0,0.0,1,1
.,org.gjt.sp.jedit.gui,MyFilteredListModel,0,0,3,2,20,10,0,1,-1.0,0,0
.,org.gjt.sp.jedit.gui,LogSettings,12,0,5,2,92,5,0,0,0.6,0,4
.,org.gjt.sp.jedit.gui,FilesChangedDialog,11,0,11,5,222,47,0,1,0.45454545454545453,0,4
.,org.gjt.sp.jedit.gui,ActionHandler,0,0,1,1,9,5,0,0,-1.0,0,0
.,org.gjt.sp.jedit.gui,TreeHandler,0,0,1,1,14,5,0,0,-1.0,0,2
.,org.gjt.sp.jedit.gui,Renderer,2,0,3,0,18,5,0,1,0.6666666666666666,0,1
.,org.gjt.sp.jedit.gui,AboutDialog,25,0,14,10,198,29,0,0,0.35714285714285715,0,6
.,org.gjt.sp.jedit.gui,AboutPanel,25,0,9,6,152,24,0,0,0.0,2,5
.,org.gjt.sp.jedit.gui,HistoryModel,8,0,20,19,158,31,0,1,0.0,11,2
.,org.gjt.sp.jedit.gui,RegisterViewer,7,0,23,18,242,53,0,1,0.30434782608695654,0,9
.,org.gjt.sp.jedit.gui,Renderer,0,0,1,1,27,8,0,0,-1.0,0,3
.,org.gjt.sp.jedit.gui,ListHandler,0,0,1,1,26,6,0,0,-1.0,0,2
.,org.gjt.sp.jedit.gui,MouseHandler,0,0,1,1,18,5,0,0,-1.0,1,3
.,org.gjt.sp.jedit.gui,DocumentHandler,0,0,5,3,26,6,0,0,-1.0,0,0
.,org.gjt.sp.jedit.gui,FocusHandler,0,0,2,2,8,2,0,0,-1.0,0,0
.,org.gjt.sp.jedit.gui,EscapeHandler,0,0,1,1,6,1,0,0,-1.0,0,0
.,org.gjt.sp.jedit.gui,TabHandler,0,0,1,1,5,1,0,0,-1.0,0,0
.,org.gjt.sp.jedit.gui,InsertHandler,0,0,1,1,5,1,0,0,-1.0,0,0
.,org.gjt.sp.jedit.gui,ClearHandler,0,0,1,1,5,1,0,0,-1.0,0,0
.,org.gjt.sp.jedit.gui,ExtendedGridLayoutConstraints,10,1,19,11,253,31,0,0,0.0,2,1
.,org.gjt.sp.jedit.gui,DockableWindowManagerProvider,0,0,2,2,13,2,0,1,-1.0,0,4
.,org.gjt.sp.jedit.gui,PasteSpecialDialog,3,0,6,6,82,15,0,1,0.3333333333333333,0,6
.,org.gjt.sp.jedit.gui,JCheckBoxList,6,0,17,15,131,25,0,0,0.23529411764705882,1,1
.,org.gjt.sp.jedit.gui,Entry,3,0,4,4,22,4,0,0,0.0,0,0
.,org.gjt.sp.jedit.gui,DummyRenderer,0,0,1,1,5,1,0,0,-1.0,0,0
.,org.gjt.sp.jedit.gui,LabelRenderer,2,0,2,1,14,3,0,0,0.0,0,1
.,org.gjt.sp.jedit.gui,CheckBoxListModel,1,0,10,7,62,19,0,0,0.4,1,3
.,org.gjt.sp.jedit.gui,AbstractContextOptionPane,12,0,14,4,210,30,2,2,0.0,3,9
.,org.gjt.sp.jedit.gui,MenuItemCompare,0,0,1,1,5,1,0,0,-1.0,0,2
.,org.gjt.sp.jedit.gui,MenuItem,2,0,2,1,11,2,0,0,0.0,4,1
.,org.gjt.sp.jedit.gui,ActionHandler,0,0,1,1,61,11,0,0,-1.0,0,6
.,org.gjt.sp.jedit.gui,ListHandler,0,0,1,1,5,1,0,0,-1.0,0,0
.,org.gjt.sp.jedit.gui,MutableListModel,0,0,2,2,7,2,2,0,-1.0,1,0
.,org.gjt.sp.jedit.gui,DefaultInputHandler,0,0,8,8,139,28,0,2,-1.0,1,5
.,org.gjt.sp.jedit.gui,DropShadowBorder,2,0,7,7,115,11,0,0,0.5714285714285714,0,0
.,org.gjt.sp.jedit.gui,DockableWindowContainer,0,0,5,0,13,5,2,0,-1.0,2,2
.,org.gjt.sp.jedit.gui,KeyEventTranslator,13,3,17,14,295,67,0,0,0.17647058823529413,14,4
.,org.gjt.sp.jedit.gui,Key,5,3,6,6,37,8,0,0,0.3333333333333333,8,1
.,org.gjt.sp.jedit.gui,KeyEventWorkaround,3,0,3,3,227,162,0,0,0.6666666666666666,7,4
.,org.gjt.sp.jedit.gui,StyleEditor,9,0,8,7,132,19,0,1,0.0,0,9
.,org.gjt.sp.jedit.gui,EnhancedButton,0,0,2,2,25,4,0,1,-1.0,1,2
.,org.gjt.sp.jedit.gui,FloatingWindowContainer,6,0,12,12,103,19,0,1,0.16666666666666666,1,5
.,org.gjt.sp.jedit.gui,MouseHandler,1,0,1,1,10,2,0,0,0.0,0,1
.,org.gjt.sp.jedit.gui,EnhancedDialog,2,0,14,8,114,34,22,0,0.2857142857142857,0,2
.,org.gjt.sp.jedit.gui,ContainerHandler,0,0,4,2,26,8,0,0,-1.0,0,0
.,org.gjt.sp.jedit.gui,KeyHandler,0,0,2,1,49,18,0,0,-1.0,3,2
.,org.gjt.sp.jedit.gui,WindowHandler,0,0,1,1,5,1,0,0,-1.0,0,0
.,org.gjt.sp.jedit.gui,StatusBar,25,0,22,20,306,59,0,0,0.2727272727272727,4,14
.,org.gjt.sp.jedit.gui,TaskHandler,1,0,7,7,36,10,0,1,0.8571428571428571,1,3
.,org.gjt.sp.jedit.gui,MouseHandler,0,0,1,1,8,2,0,0,-1.0,0,0
.,org.gjt.sp.jedit.gui,AbbrevEditor,3,0,8,8,146,24,0,0,0.0,2,1
.,org.gjt.sp.jedit.gui,RolloverButton,2,0,9,9,70,11,6,0,0.4444444444444444,8,0
.,org.gjt.sp.jedit.gui,MouseOverHandler,0,0,2,2,13,2,0,0,-1.0,0,0
.,org.gjt.sp.jedit.gui,InputHandler,1,0,14,9,264,68,1,1,0.35714285714285715,3,18
.,org.gjt.sp.jedit.gui,AnimatedIcon,6,0,10,10,68,12,0,0,0.0,0,0
.,org.gjt.sp.jedit.gui,Animator,0,0,1,1,7,1,0,0,-1.0,0,0
.,org.gjt.sp.jedit.gui,FontSelectorDialog,12,0,14,8,209,30,0,1,0.0,1,4
.,org.gjt.sp.jedit.gui,ActionHandler,0,0,1,1,6,3,0,0,-1.0,0,0
.,org.gjt.sp.jedit.gui,ListHandler,0,0,1,1,18,7,0,0,-1.0,0,0
.,org.gjt.sp.jedit.gui,BeanShellErrorDialog,0,0,2,2,13,2,0,2,-1.0,0,1
.,org.gjt.sp.jedit.gui,DockableWindowFactory,22,0,36,24,301,60,0,0,0.1388888888888889,9,11
.,org.gjt.sp.jedit.gui,DockableListHandler,11,0,13,8,104,20,0,0,0.23076923076923078,0,3
.,org.gjt.sp.jedit.gui,Window,9,0,13,7,103,21,0,0,0.0,0,8
.,org.gjt.sp.jedit.gui,OpenAction,1,0,3,2,13,3,0,2,0.0,0,1
.,org.gjt.sp.jedit.gui,ToggleAction,1,0,4,3,16,4,0,2,0.0,0,1
.,org.gjt.sp.jedit.gui,FloatAction,1,0,3,2,13,3,0,2,0.0,0,1
.,org.gjt.sp.jedit.gui,ContextAddDialog,8,0,6,5,120,19,0,1,0.0,2,6
.,org.gjt.sp.jedit.gui,ActionHandler,0,0,1,1,12,5,0,0,-1.0,0,0
.,org.gjt.sp.jedit.gui,CompletionPopup,4,0,28,22,290,62,1,0,0.21428571428571427,2,5
.,org.gjt.sp.jedit.gui,Candidates,0,0,5,5,25,5,1,0,-1.0,1,0
.,org.gjt.sp.jedit.gui,CandidateListModel,0,0,2,2,8,2,0,0,-1.0,0,0
.,org.gjt.sp.jedit.gui,CellRenderer,0,0,1,1,5,1,0,0,-1.0,0,0
.,org.gjt.sp.jedit.gui,KeyHandler,0,0,2,2,75,21,0,0,-1.0,0,0
.,org.gjt.sp.jedit.gui,MouseHandler,0,0,1,1,10,2,0,0,-1.0,0,0
.,org.gjt.sp.jedit.gui,WindowFocusHandler,0,0,2,2,7,2,0,0,-1.0,0,0
.,org.gjt.sp.jedit.gui,ColorWellButton,2,0,8,7,58,12,0,0,0.25,6,3
.,org.gjt.sp.jedit.gui,ColorWell,2,0,4,3,20,5,0,0,0.0,0,0
.,org.gjt.sp.jedit.gui,ActionHandler,0,0,1,1,17,3,0,0,-1.0,0,2
.,org.gjt.sp.jedit.gui,HistoryText,6,0,22,22,209,50,0,0,0.0,2,3
.,org.gjt.sp.jedit.gui,ActionHandler,0,0,1,1,16,4,0,0,-1.0,0,0
.,org.gjt.sp.jedit.gui,FontSelector,1,0,8,6,82,15,0,0,0.375,7,2
.,org.gjt.sp.jedit.gui,ActionHandler,0,0,1,1,16,3,0,0,-1.0,0,1
.,org.gjt.sp.jedit.gui,SelectLineRange,5,0,7,6,112,11,0,1,0.42857142857142855,0,7
.,org.gjt.sp.jedit.gui,NumericTextField,7,0,23,17,250,54,0,0,0.21739130434782608,3,3
.,org.gjt.sp.jedit.gui,IntegerDocumentFilter,0,0,5,3,54,12,0,0,-1.0,0,0
.,org.gjt.sp.jedit.gui,FloatDocumentFilter,0,0,5,3,61,14,0,0,-1.0,0,0
.,org.gjt.sp.jedit.gui,TaskMonitor,8,0,28,22,169,35,0,1,0.14285714285714285,0,7
.,org.gjt.sp.jedit.gui,TaskCellRenderer,2,0,2,1,33,5,0,0,0.0,0,3
.,org.gjt.sp.jedit.gui,TaskTableEditor,2,0,4,3,21,4,0,0,0.5,0,3
.,org.gjt.sp.jedit.gui,TaskTableModel,1,0,10,7,43,12,0,0,0.3,1,2
.,org.gjt.sp.jedit.gui,BufferOptions,3,0,4,4,50,6,0,1,0.0,0,4
.,org.gjt.sp.jedit.gui,ActionHandler,0,0,1,1,7,3,0,0,-1.0,0,0
.,org.gjt.sp.jedit.gui,DefaultFocusComponent,0,0,1,0,13,1,4,0,-1.0,0,0
.,org.gjt.sp.jedit.gui,HistoryTextArea,1,0,9,7,106,26,0,0,0.0,1,2
.,org.gjt.sp.jedit.gui,ActionBar,10,0,25,17,303,71,0,0,0.28,3,16
.,org.gjt.sp.jedit.gui,ActionHandler,0,0,1,1,6,2,0,0,-1.0,0,0
.,org.gjt.sp.jedit.gui,DocumentHandler,0,0,3,3,10,5,0,0,-1.0,0,0
.,org.gjt.sp.jedit.gui,ActionTextField,2,0,6,4,80,19,0,1,0.6666666666666666,0,2
.,org.gjt.sp.jedit.gui,CompletionPopup,1,0,8,5,72,14,0,0,0.75,0,2
.,org.gjt.sp.jedit.gui,MouseHandler,0,0,1,1,5,1,0,0,-1.0,0,0
.,org.gjt.sp.jedit.gui,CompletionList,0,0,2,1,8,2,0,0,-1.0,0,0
.,org.gjt.sp.jedit.gui,KeyHandler,0,0,2,2,24,8,0,0,-1.0,0,0
.,org.gjt.sp.jedit.gui,EditAbbrevDialog,6,0,8,6,89,16,0,0,0.25,2,3
.,org.gjt.sp.jedit.gui,ActionHandler,0,0,1,1,13,4,0,0,-1.0,0,0
.,org.gjt.sp.jedit.gui,KeyHandler,0,0,1,1,5,2,0,0,-1.0,0,0
.,org.gjt.sp.jedit.gui,DockableWindow,0,0,1,0,14,1,2,0,-1.0,0,0
.,org.gjt.sp.jedit.gui,ListModelEditor,0,0,4,2,78,26,0,0,-1.0,0,2
.,org.gjt.sp.jedit.gui,PasteFromListDialog,7,0,13,8,171,31,0,1,0.23076923076923078,0,4
.,org.gjt.sp.jedit.gui,Renderer,1,0,3,2,35,9,0,0,0.6666666666666666,0,1
.,org.gjt.sp.jedit.gui,ActionHandler,0,0,1,1,7,3,0,0,-1.0,0,0
.,org.gjt.sp.jedit.gui,ListHandler,0,0,1,1,6,1,0,0,-1.0,0,0
.,org.gjt.sp.jedit.gui,MouseHandler,0,0,1,1,5,2,0,0,-1.0,0,0
.,org.gjt.sp.jedit.gui,OptionsDialog,11,0,22,11,309,64,2,1,0.2727272727272727,0,8
.,org.gjt.sp.jedit.gui,PaneNameRenderer,2,0,3,1,37,9,0,1,0.6666666666666666,0,1
.,org.gjt.sp.jedit.gui,OptionTreeModel,0,0,2,2,11,2,0,1,-1.0,2,1
.,org.gjt.sp.jedit.gui,FilteredListModel,5,0,18,14,148,38,1,0,0.0,1,0
.,org.gjt.sp.jedit.gui,DynamicContextMenuService,0,0,1,1,13,1,0,0,-1.0,1,1
.,org.gjt.sp.jedit.gui,DockableLayout,15,0,13,12,166,30,0,0,0.46153846153846156,1,1
.,org.gjt.sp.jedit.gui,HistoryTextField,5,0,25,23,233,47,3,0,0.28,5,2
.,org.gjt.sp.jedit.gui,MouseHandler,1,0,5,5,23,8,0,0,0.4,0,0
.,org.gjt.sp.jedit.gui,HistoryBorder,1,0,2,2,18,2,0,0,0.0,0,0
.,org.gjt.sp.jedit.gui,HistoryModelSaver,0,0,2,0,9,2,1,0,-1.0,1,0
.,org.gjt.sp.jedit.gui,AddAbbrevDialog,5,0,3,3,75,9,0,0,0.6666666666666666,0,5
.,org.gjt.sp.jedit.gui,ActionHandler,0,0,1,1,24,5,0,0,-1.0,0,1
.,org.gjt.sp.jedit.gui,KeyHandler,0,0,1,1,5,2,0,0,-1.0,0,0
.,org.gjt.sp.jedit.gui,DockableWindowManager,24,6,65,45,403,109,1,0,0.3076923076923077,15,13
.,org.gjt.sp.jedit.gui,DockingArea,0,0,4,0,6,4,1,0,-1.0,0,0
.,org.gjt.sp.jedit.gui,KeyHandler,6,0,4,1,43,12,0,0,0.75,0,4
.,org.gjt.sp.jedit.gui,DockingLayout,1,1,10,7,49,17,1,0,0.5,6,2
.,org.gjt.sp.jedit.gui,DockingFrameworkProvider,0,0,2,0,9,2,1,0,-1.0,1,3
.,org.gjt.sp.jedit.gui,TextAreaDialog,0,0,8,7,58,8,1,1,-1.0,0,3
.,org.gjt.sp.jedit.gui,ActionHandler,0,0,1,1,5,1,0,0,-1.0,0,0
.,org.gjt.sp.jedit.gui,VariableGridLayout,16,2,19,16,391,78,0,0,0.3684210526315789,8,0
.,org.gjt.sp.jedit.gui,MarkerViewer,6,0,14,11,161,31,0,0,0.21428571428571427,0,11
.,org.gjt.sp.jedit.gui,Renderer,0,0,1,1,17,4,0,0,-1.0,0,3
.,org.gjt.sp.jedit.gui,MouseHandler,0,0,1,1,8,2,0,0,-1.0,0,0
.,org.gjt.sp.jedit.gui,KeyHandler,0,0,1,1,8,2,0,0,-1.0,0,0
.,org.gjt.sp.jedit.gui,DockablePanel,5,0,12,8,156,45,0,0,0.25,0,3
.,org.gjt.sp.jedit.gui,ResizeMouseHandler,2,0,6,5,93,32,0,0,0.3333333333333333,0,2
.,org.gjt.sp.jedit.gui,GrabKeyDialog,17,6,19,13,292,62,0,0,0.2631578947368421,4,12
.,org.gjt.sp.jedit.gui,KeyBinding,6,6,2,2,22,2,0,0,0.0,4,0
.,org.gjt.sp.jedit.gui,InputPane,1,0,4,3,58,16,0,0,0.5,1,8
.,org.gjt.sp.jedit.gui,ActionHandler,0,0,2,1,51,15,0,0,-1.0,0,2
.,org.gjt.sp.jedit.gui,ExtendedGridLayout,4,0,17,13,716,124,0,0,0.35294117647058826,0,1
.,org.gjt.sp.jedit.gui,CompleteWord,9,0,22,12,250,60,0,1,0.18181818181818182,1,9
.,org.gjt.sp.jedit.gui,Completion,2,0,4,3,18,5,0,0,0.0,2,0
.,org.gjt.sp.jedit.gui,Words,2,0,6,6,33,9,0,1,0.5,0,1
.,org.gjt.sp.jedit.gui,FilteredTableModel,5,0,21,16,147,36,0,0,0.09523809523809523,1,0
.,org.gjt.sp.jedit.gui,DockableWindowManagerImpl,24,9,45,37,588,136,0,1,0.15555555555555556,9,20
.,org.gjt.sp.jedit.gui,DockableWindowConfig,8,8,6,5,73,15,0,1,0.6666666666666666,1,3
.,org.gjt.sp.jedit.gui,PerspectiveHandler,0,0,2,1,15,11,0,0,-1.0,0,0
.,org.gjt.sp.jedit.gui,Entry,5,0,5,3,38,7,0,0,0.0,0,3
.,org.gjt.sp.jedit.gui,PanelWindowContainer,30,3,39,28,519,102,0,1,0.15384615384615385,3,10
.,org.gjt.sp.jedit.gui,DockableWindowCompare,0,0,1,1,7,1,0,0,-1.0,0,2
.,org.gjt.sp.jedit.gui,ActionHandler,0,0,1,1,10,4,0,0,-1.0,0,1
.,org.gjt.sp.jedit.gui,MenuMouseHandler,0,0,1,1,33,6,0,0,-1.0,0,1
.,org.gjt.sp.jedit.gui,DockBorder,5,0,7,3,67,15,0,0,0.2857142857142857,0,1
.,org.gjt.sp.jedit.gui,RotatedTextIcon,10,3,4,4,60,7,0,0,0.0,2,1
.,org.gjt.sp.jedit.gui,ButtonLayout,0,0,8,5,118,23,0,0,-1.0,0,1
.,org.gjt.sp.jedit.gui,SplashScreen,15,0,9,6,156,21,0,0,0.0,1,2
.,org.gjt.sp.jedit.gui.statusbar,ErrorsWidgetFactory,12,0,21,15,194,35,0,1,0.38095238095238093,0,14
.,org.gjt.sp.jedit.gui.statusbar,ErrorWidget,1,0,4,3,14,4,0,1,0.5,0,2
.,org.gjt.sp.jedit.gui.statusbar,ErrorHighlight,4,0,8,5,62,13,0,0,0.25,2,7
.,org.gjt.sp.jedit.gui.statusbar,MyMouseAdapter,1,0,2,1,14,5,0,0,0.0,0,4
.,org.gjt.sp.jedit.gui.statusbar,ErrorDialog,7,0,8,6,107,17,0,1,0.0,0,8
.,org.gjt.sp.jedit.gui.statusbar,MyActionListener,0,0,1,1,21,6,0,0,-1.0,0,1
.,org.gjt.sp.jedit.gui.statusbar,TaskMonitorWidgetFactory,4,0,14,13,82,17,0,1,0.9285714285714286,0,6
.,org.gjt.sp.jedit.gui.statusbar,TaskMonitorWidget,4,0,13,12,70,16,0,1,0.38461538461538464,0,5
.,org.gjt.sp.jedit.gui.statusbar,FoldWidgetFactory,2,0,6,6,34,9,0,1,0.3333333333333333,0,4
.,org.gjt.sp.jedit.gui.statusbar,FoldWidget,2,0,5,5,24,8,0,1,0.4,0,3
.,org.gjt.sp.jedit.gui.statusbar,IndentWidgetFactory,2,0,6,6,49,8,0,1,0.3333333333333333,0,4
.,org.gjt.sp.jedit.gui.statusbar,IndentWidget,2,0,5,5,39,7,0,1,0.4,0,3
.,org.gjt.sp.jedit.gui.statusbar,ModeWidgetFactory,2,0,6,6,34,9,0,1,0.3333333333333333,0,4
.,org.gjt.sp.jedit.gui.statusbar,ModeWidget,2,0,5,5,24,8,0,1,0.4,1,3
.,org.gjt.sp.jedit.gui.statusbar,SelectionLengthWidgetFactory,4,0,9,8,76,14,0,1,0.3333333333333333,0,8
.,org.gjt.sp.jedit.gui.statusbar,SelectionLengthWidget,4,0,8,7,66,13,0,1,0.25,0,7
.,org.gjt.sp.jedit.gui.statusbar,SelectionLength,1,0,3,3,16,3,0,0,0.6666666666666666,2,0
.,org.gjt.sp.jedit.gui.statusbar,RectSelectWidgetFactory,2,0,6,5,50,10,0,1,0.0,0,4
.,org.gjt.sp.jedit.gui.statusbar,RectSelectWidget,2,0,5,4,40,9,0,1,0.0,0,3
.,org.gjt.sp.jedit.gui.statusbar,MemoryStatusWidgetFactory,8,0,13,12,106,14,0,1,0.5384615384615384,0,4
.,org.gjt.sp.jedit.gui.statusbar,MemoryStatusWidget,1,0,4,4,13,4,0,1,0.75,0,2
.,org.gjt.sp.jedit.gui.statusbar,MemoryStatus,7,0,8,7,83,9,0,0,0.625,2,2
.,org.gjt.sp.jedit.gui.statusbar,MouseHandler,0,0,1,1,8,2,0,0,-1.0,0,1
.,org.gjt.sp.jedit.gui.statusbar,BufferSetWidgetFactory,2,0,9,8,77,20,0,1,0.6666666666666666,0,8
.,org.gjt.sp.jedit.gui.statusbar,BufferSetWidget,2,0,8,7,66,19,0,1,0.375,0,6
.,org.gjt.sp.jedit.gui.statusbar,OverwriteWidgetFactory,2,0,6,5,50,10,0,1,0.0,0,4
.,org.gjt.sp.jedit.gui.statusbar,OverwriteWidget,2,0,5,4,40,9,0,1,0.0,0,3
.,org.gjt.sp.jedit.gui.statusbar,MultiSelectWidgetFactory,2,0,6,5,50,10,0,1,0.0,0,4
.,org.gjt.sp.jedit.gui.statusbar,MultiSelectWidget,2,0,5,4,40,9,0,1,0.0,0,3
.,org.gjt.sp.jedit.gui.statusbar,HoverSetStatusMouseHandler,3,0,5,4,34,8,0,0,0.0,0,3
.,org.gjt.sp.jedit.gui.statusbar,WrapWidgetFactory,2,0,7,6,57,11,0,1,0.0,0,4
.,org.gjt.sp.jedit.gui.statusbar,WrapWidget,2,0,6,5,47,10,0,1,0.0,0,3
.,org.gjt.sp.jedit.gui.statusbar,LockedWidgetFactory,2,0,6,5,41,6,0,1,0.0,0,3
.,org.gjt.sp.jedit.gui.statusbar,LockedWidget,2,0,5,4,32,5,0,1,0.0,0,2
.,org.gjt.sp.jedit.gui.statusbar,EncodingWidgetFactory,2,0,6,6,34,9,0,1,0.3333333333333333,0,4
.,org.gjt.sp.jedit.gui.statusbar,EncodingWidget,2,0,5,5,24,8,0,1,0.4,1,3
.,org.gjt.sp.jedit.gui.statusbar,LastModifiedWidgetFactory,4,0,9,8,74,12,0,1,0.4444444444444444,0,11
.,org.gjt.sp.jedit.gui.statusbar,LastModifiedWidget,4,0,8,7,63,11,0,1,0.375,0,10
.,org.gjt.sp.jedit.gui.statusbar,ToolTipLabel,0,0,1,1,8,1,0,0,-1.0,1,0
.,org.gjt.sp.jedit.gui.statusbar,LineSepWidgetFactory,2,0,6,5,43,9,0,1,0.0,0,5
.,org.gjt.sp.jedit.gui.statusbar,LineSepWidget,2,0,5,4,33,8,0,1,0.0,0,4
.,org.gjt.sp.jedit.gui.statusbar,StatusWidgetFactory,0,0,1,0,13,1,17,0,-1.0,1,1
.,org.gjt.sp.jedit.gui.statusbar,Widget,0,0,3,0,20,3,17,0,-1.0,16,0
.,org.gjt.sp.jedit.gui.statusbar,ClockWidgetFactory,2,0,13,9,59,13,0,1,0.8461538461538461,0,4
.,org.gjt.sp.jedit.gui.statusbar,ClockWidget,1,0,4,3,13,4,0,1,0.75,0,1
.,org.gjt.sp.jedit.gui.statusbar,Clock,1,0,8,5,36,8,0,0,0.5,3,2
.,org.gjt.sp.jedit.gui.tray,JEditSwingTrayIcon,7,0,7,4,99,23,0,2,0.7142857142857143,0,6
.,org.gjt.sp.jedit.gui.tray,MyMouseAdapter,1,0,2,1,39,13,0,0,0.0,0,2
.,org.gjt.sp.jedit.gui.tray,MyActionListener,3,0,2,1,21,5,0,0,0.0,0,1
.,org.gjt.sp.jedit.gui.tray,JEditTrayIcon,0,0,2,0,11,2,1,1,-1.0,1,0
.,org.gjt.sp.jedit.gui.tray,JTrayIcon,4,0,7,7,61,12,1,0,0.42857142857142855,0,1
.,org.gjt.sp.jedit.gui.tray,MyMouseListener,0,0,1,1,9,2,0,0,-1.0,0,1
.,org.gjt.sp.jedit.gui.tray,MyPopupMenuListener,0,0,3,3,10,3,0,0,-1.0,0,0
.,org.gjt.sp.jedit.gui.tray,JTrayIconManager,4,0,3,3,55,10,0,0,0.0,2,4
.,org.gjt.sp.jedit.syntax,TokenMarker,19,6,24,13,548,125,0,0,0.16666666666666666,20,9
.,org.gjt.sp.jedit.syntax,LineContext,7,6,8,7,76,20,0,0,0.375,17,3
.,org.gjt.sp.jedit.syntax,KeywordMap,7,3,13,10,141,25,0,0,0.0,5,4
.,org.gjt.sp.jedit.syntax,Keyword,3,3,1,0,10,1,0,0,0.0,2,1
.,org.gjt.sp.jedit.syntax,TokenHandler,0,0,2,2,23,2,5,0,-1.0,3,2
.,org.gjt.sp.jedit.syntax,ParserRule,30,30,15,13,211,28,0,0,0.0,6,3
.,org.gjt.sp.jedit.syntax,XModeHandler,37,0,18,11,438,89,0,0,0.1111111111111111,2,10
.,org.gjt.sp.jedit.syntax,TagDecl,27,27,2,2,161,26,0,0,0.0,2,6
.,org.gjt.sp.jedit.syntax,DummyTokenHandler,1,1,2,2,29,2,0,1,1.0,2,3
.,org.gjt.sp.jedit.syntax,ModeProvider,2,1,13,12,255,40,0,0,0.23076923076923078,11,5
.,org.gjt.sp.jedit.syntax,SyntaxStyle,3,0,4,4,39,4,0,0,0.0,21,0
.,org.gjt.sp.jedit.syntax,DefaultTokenHandler,3,0,8,5,69,12,1,1,0.625,6,3
.,org.gjt.sp.jedit.syntax,Chunk,23,3,38,16,483,89,0,1,0.07894736842105263,13,9
.,org.gjt.sp.jedit.syntax,FontSubstitution,7,0,6,4,53,9,0,0,0.0,1,1
.,org.gjt.sp.jedit.syntax,GlyphKey,3,3,4,3,23,4,0,0,0.0,2,1
.,org.gjt.sp.jedit.syntax,GlyphCache,1,0,2,1,10,2,0,0,0.0,1,0
.,org.gjt.sp.jedit.syntax,ParserRuleSet,17,0,30,30,217,47,0,0,0.26666666666666666,10,4
.,org.gjt.sp.jedit.syntax,SyntaxUtilities,0,0,1,1,32,5,0,0,-1.0,2,0
.,org.gjt.sp.jedit.syntax,Token,27,27,5,5,107,13,1,0,0.6,27,2
.,org.gjt.sp.jedit.syntax,DisplayTokenHandler,13,1,35,18,369,76,0,2,0.08571428571428572,4,7
.,org.gjt.sp.jedit.syntax,LineBreaker,5,1,5,4,29,6,0,0,0.0,1,0
.,org.gjt.sp.jedit.syntax,LineBreakIterator,1,0,17,11,100,32,0,0,0.11764705882352941,2,1
.,org.gjt.sp.jedit.bufferio,BufferSaveRequest,0,0,4,2,125,18,0,4,-1.0,1,9
.,org.gjt.sp.jedit.bufferio,BufferAutosaveRequest,0,0,3,2,65,6,0,4,-1.0,0,6
.,org.gjt.sp.jedit.bufferio,MarkersSaveRequest,7,1,3,2,74,7,0,2,0.0,0,6
.,org.gjt.sp.jedit.bufferio,BufferInsertRequest,0,0,3,3,54,5,0,4,-1.0,0,8
.,org.gjt.sp.jedit.bufferio,IoTask,0,0,0,0,2,0,3,2,-1.0,0,0
.,org.gjt.sp.jedit.bufferio,BufferLoadRequest,1,0,7,2,219,29,0,4,0.0,1,13
.,org.gjt.sp.jedit.bufferio,BufferIORequest,12,6,11,4,237,42,4,3,0.18181818181818182,6,13
.,org.gjt.sp.jedit.bsh,BSHPrimarySuffix,7,6,6,1,122,29,0,2,0.3333333333333333,2,8
.,org.gjt.sp.jedit.bsh,Reflect,0,0,40,14,482,92,0,0,-1.0,16,10
.,org.gjt.sp.jedit.bsh,InterpreterError,0,0,1,1,8,1,0,0,-1.0,0,0
.,org.gjt.sp.jedit.bsh,BSHArrayInitializer,0,0,4,2,57,10,0,2,-1.0,0,5
.,org.gjt.sp.jedit.bsh,BSHCastExpression,0,0,2,2,24,2,0,2,-1.0,0,4
.,org.gjt.sp.jedit.bsh,BSHFormalParameter,3,3,3,2,23,5,0,2,1.0,1,2
.,org.gjt.sp.jedit.bsh,BSHLiteral,1,1,5,2,64,21,0,2,0.4,0,2
.,org.gjt.sp.jedit.bsh,JavaCharStream,17,2,31,25,364,91,0,0,0.3548387096774194,3,1
.,org.gjt.sp.jedit.bsh,CollectionManager,4,0,12,11,101,21,1,0,0.5833333333333334,5,3
.,org.gjt.sp.jedit.bsh,BasicBshIterator,3,0,6,5,58,13,0,1,0.0,0,0
.,org.gjt.sp.jedit.bsh,BSHReturnType,1,1,4,2,17,6,0,2,0.5,0,2
.,org.gjt.sp.jedit.bsh,BSHTernaryExpression,0,0,2,1,13,3,0,2,-1.0,0,3
.,org.gjt.sp.jedit.bsh,BSHType,4,0,9,7,109,28,0,2,0.2222222222222222,2,5
.,org.gjt.sp.jedit.bsh,BSHMethodInvocation,0,0,4,1,38,7,0,2,-1.0,0,4
.,org.gjt.sp.jedit.bsh,Node,0,0,7,7,27,7,1,0,-1.0,0,0
.,org.gjt.sp.jedit.bsh,UtilTargetError,1,1,3,3,22,4,0,1,0.0,0,1
.,org.gjt.sp.jedit.bsh,BSHTypedVariableDeclaration,1,1,6,2,50,8,0,2,0.3333333333333333,0,5
.,org.gjt.sp.jedit.bsh,Parser,13,4,351,88,5932,1867,0,1,0.011396011396011397,2,11
.,org.gjt.sp.jedit.bsh,LookaheadSuccess,0,0,0,0,2,0,0,0,-1.0,1,0
.,org.gjt.sp.jedit.bsh,BshMethod,10,0,14,9,173,36,1,0,0.0,16,8
.,org.gjt.sp.jedit.bsh,BSHFormalComment,1,1,1,1,6,1,0,2,0.0,1,0
.,org.gjt.sp.jedit.bsh,BSHStatementExpressionList,0,0,2,1,13,3,0,2,-1.0,0,3
.,org.gjt.sp.jedit.bsh,ClassGeneratorImpl,7,6,10,6,150,25,0,1,0.5,2,15
.,org.gjt.sp.jedit.bsh,ClassNodeFilter,7,6,3,1,26,10,0,1,0.0,3,2
.,org.gjt.sp.jedit.bsh,CallStack,1,0,13,13,70,16,0,0,0.15384615384615385,55,2
.,org.gjt.sp.jedit.bsh,BSHSwitchLabel,1,0,2,2,11,3,0,2,1.0,0,2
.,org.gjt.sp.jedit.bsh,This,2,0,11,8,118,26,2,0,0.36363636363636365,8,11
.,org.gjt.sp.jedit.bsh,Modifiers,4,3,7,3,55,18,0,0,0.0,14,0
.,org.gjt.sp.jedit.bsh,BSHAmbiguousName,1,1,8,6,45,8,0,2,0.375,0,3
.,org.gjt.sp.jedit.bsh,BSHAllocationExpression,1,0,10,1,128,22,0,2,0.2,0,9
.,org.gjt.sp.jedit.bsh,BSHFormalParameters,4,0,5,3,51,11,0,2,0.4,0,2
.,org.gjt.sp.jedit.bsh,Remote,0,0,6,2,112,13,0,0,-1.0,1,1
.,org.gjt.sp.jedit.bsh,ReflectError,0,0,2,2,8,2,0,0,-1.0,0,0
.,org.gjt.sp.jedit.bsh,NameSpace,23,1,75,49,766,192,2,1,0.05333333333333334,42,15
.,org.gjt.sp.jedit.bsh,CommandPathEntry,2,0,1,0,8,1,0,0,0.0,1,0
.,org.gjt.sp.jedit.bsh,BSHBlock,1,1,5,3,57,16,0,2,0.6,2,5
.,org.gjt.sp.jedit.bsh,NodeFilter,0,0,1,1,3,1,1,0,-1.0,1,0
.,org.gjt.sp.jedit.bsh,BSHUnaryExpression,2,2,5,1,54,19,0,2,0.4,0,3
.,org.gjt.sp.jedit.bsh,UtilEvalError,0,0,4,3,24,6,3,0,-1.0,0,2
.,org.gjt.sp.jedit.bsh,StringUtil,0,0,5,5,49,13,0,0,-1.0,6,1
.,org.gjt.sp.jedit.bsh,NameSource,0,0,3,3,10,3,2,0,-1.0,4,2
.,org.gjt.sp.jedit.bsh,Listener,0,0,1,1,3,1,2,0,-1.0,5,1
.,org.gjt.sp.jedit.bsh,BSHEnhancedForStatement,1,0,2,1,64,15,0,2,1.0,0,6
.,org.gjt.sp.jedit.bsh,BSHSwitchStatement,0,0,3,2,54,13,0,2,-1.0,0,4
.,org.gjt.sp.jedit.bsh,BSHMethodDeclaration,8,2,8,2,77,18,0,2,0.25,0,6
.,org.gjt.sp.jedit.bsh,ReturnControl,3,3,1,1,16,1,0,1,0.0,0,0
.,org.gjt.sp.jedit.bsh,ParserTreeConstants,39,39,0,0,41,0,1,0,-1.0,2,0
.,org.gjt.sp.jedit.bsh,TokenMgrError,5,0,6,4,90,17,0,0,0.6666666666666666,2,1
.,org.gjt.sp.jedit.bsh,Interpreter,20,4,59,48,663,122,0,1,0.03389830508474576,60,12
.,org.gjt.sp.jedit.bsh,ParseException,6,3,11,10,174,37,0,1,0.0,0,1
.,org.gjt.sp.jedit.bsh,Variable,8,0,12,7,75,17,0,0,0.0,3,3
.,org.gjt.sp.jedit.bsh,BSHForStatement,8,3,2,1,55,17,0,2,1.0,0,5
.,org.gjt.sp.jedit.bsh,BSHArrayDimensions,4,4,5,4,59,12,0,2,0.4,0,4
.,org.gjt.sp.jedit.bsh,TargetError,2,0,10,10,63,13,0,1,0.2,1,3
.,org.gjt.sp.jedit.bsh,BSHWhileStatement,1,0,2,1,49,10,0,2,1.0,0,4
.,org.gjt.sp.jedit.bsh,Primitive,6,4,45,29,598,247,0,1,0.06666666666666667,38,4
.,org.gjt.sp.jedit.bsh,Special,2,2,1,0,6,1,0,0,0.0,2,1
.,org.gjt.sp.jedit.bsh,BSHBinaryExpression,1,1,4,1,61,23,0,2,0.5,0,4
.,org.gjt.sp.jedit.bsh,BlockNameSpace,0,0,10,7,68,12,0,2,-1.0,0,3
.,org.gjt.sp.jedit.bsh,ClassGeneratorUtil,23,2,34,15,629,125,0,1,0.3235294117647059,2,19
.,org.gjt.sp.jedit.bsh,ConstructorArgs,4,2,12,9,52,12,0,0,0.16666666666666666,2,1
.,org.gjt.sp.jedit.bsh,BshClassManager,13,0,36,22,320,65,1,0,0.25,12,6
.,org.gjt.sp.jedit.bsh,Listener,0,0,1,1,3,1,0,0,-1.0,0,0
.,org.gjt.sp.jedit.bsh,SignatureKey,4,0,3,2,39,14,0,0,0.0,2,1
.,org.gjt.sp.jedit.bsh,JThis,0,0,86,84,299,89,0,1,-1.0,0,4
.,org.gjt.sp.jedit.bsh,ClassIdentifier,1,0,3,3,12,3,0,0,0.0,1,0
.,org.gjt.sp.jedit.bsh,BshIterator,0,0,2,2,16,2,2,0,-1.0,1,0
.,org.gjt.sp.jedit.bsh,EvalError,3,0,12,9,83,24,2,0,0.0,0,2
.,org.gjt.sp.jedit.bsh,ClassGenerator,1,0,4,4,27,5,1,0,1.0,4,6
.,org.gjt.sp.jedit.bsh,BSHAssignment,1,1,3,1,74,30,0,2,0.6666666666666666,0,3
.,org.gjt.sp.jedit.bsh,BSHClassDeclaration,6,0,3,2,44,7,0,2,0.6666666666666666,0,5
.,org.gjt.sp.jedit.bsh,DelayedEvalBshMethod,6,0,5,4,43,6,0,1,0.0,2,4
.,org.gjt.sp.jedit.bsh,Types,10,0,11,2,173,62,0,0,0.18181818181818182,14,4
.,org.gjt.sp.jedit.bsh,Name,9,1,19,8,401,115,0,0,0.0,6,12
.,org.gjt.sp.jedit.bsh,Capabilities,2,0,6,6,57,10,0,0,0.3333333333333333,8,1
.,org.gjt.sp.jedit.bsh,Unavailable,0,0,1,1,8,1,0,1,-1.0,0,0
.,org.gjt.sp.jedit.bsh,Token,8,8,2,2,40,2,0,0,1.0,5,1
.,org.gjt.sp.jedit.bsh,BSHArguments,0,0,2,1,16,4,0,2,-1.0,0,3
.,org.gjt.sp.jedit.bsh,BSHIfStatement,0,0,3,2,21,9,0,2,-1.0,4,4
.,org.gjt.sp.jedit.bsh,SimpleNode,7,1,21,21,116,31,37,1,0.38095238095238093,2,4
.,org.gjt.sp.jedit.bsh,ClassPathException,0,0,1,1,5,1,0,1,-1.0,0,0
.,org.gjt.sp.jedit.bsh,JJTParserState,5,0,12,0,81,17,0,0,0.0,0,0
.,org.gjt.sp.jedit.bsh,ParserTokenManager,25,3,50,7,1726,686,0,1,0.04,2,4
.,org.gjt.sp.jedit.bsh,BSHTryStatement,0,0,2,1,73,14,0,2,-1.0,0,8
.,org.gjt.sp.jedit.bsh,ParserConstants,131,0,0,0,133,0,13,0,-1.0,1,0
.,org.gjt.sp.jedit.bsh,BSHImportDeclaration,3,3,2,1,32,6,0,2,1.0,0,4
.,org.gjt.sp.jedit.bsh,XThis,2,0,6,6,85,13,0,1,0.6666666666666666,0,5
.,org.gjt.sp.jedit.bsh,Handler,0,0,2,2,45,6,0,0,-1.0,0,4
.,org.gjt.sp.jedit.bsh,BSHThrowStatement,0,0,2,1,10,3,0,2,-1.0,0,2
.,org.gjt.sp.jedit.bsh,ReflectManager,1,0,3,3,35,4,1,0,0.0,3,1
.,org.gjt.sp.jedit.bsh,LHS,13,0,9,3,146,22,0,1,0.0,1,5
.,org.gjt.sp.jedit.bsh,CommandLineReader,4,0,4,4,40,10,0,0,0.75,0,0
.,org.gjt.sp.jedit.bsh,ConsoleInterface,0,0,6,6,11,6,1,0,-1.0,1,0
.,org.gjt.sp.jedit.bsh,ExternalNameSpace,1,0,15,11,107,20,0,2,0.4,0,5
.,org.gjt.sp.jedit.bsh,BSHPrimitiveType,1,1,2,1,9,2,0,2,1.0,0,0
.,org.gjt.sp.jedit.bsh,BSHVariableDeclarator,1,1,3,2,26,6,0,2,1.0,0,3
.,org.gjt.sp.jedit.bsh,BSHPackageDeclaration,0,0,2,2,12,2,0,2,-1.0,1,4
.,org.gjt.sp.jedit.bsh,BSHPrimaryExpression,0,0,4,2,36,12,0,2,-1.0,0,2
.,org.gjt.sp.jedit.bsh,BSHReturnStatement,1,1,2,1,12,3,0,2,1.0,0,3
.,org.gjt.sp.jedit.bsh.classpath,DiscreteFilesClassLoader,1,0,5,5,34,6,0,1,0.6,1,3
.,org.gjt.sp.jedit.bsh.classpath,ClassSourceMap,0,0,2,2,8,2,0,0,-1.0,2,1
.,org.gjt.sp.jedit.bsh.classpath,BshClassPath,16,0,68,43,538,134,0,1,0.17647058823529413,4,10
.,org.gjt.sp.jedit.bsh.classpath,ClassSource,1,0,1,0,4,1,3,0,0.0,4,0
.,org.gjt.sp.jedit.bsh.classpath,JarClassSource,0,0,4,3,14,4,0,1,-1.0,0,0
.,org.gjt.sp.jedit.bsh.classpath,DirClassSource,0,0,5,4,31,6,0,1,-1.0,2,1
.,org.gjt.sp.jedit.bsh.classpath,GeneratedClassSource,0,0,2,1,8,2,0,1,-1.0,0,0
.,org.gjt.sp.jedit.bsh.classpath,UnqualifiedNameTable,0,0,1,0,14,3,0,0,-1.0,1,2
.,org.gjt.sp.jedit.bsh.classpath,AmbiguousName,1,0,2,2,9,2,0,0,0.0,2,0
.,org.gjt.sp.jedit.bsh.classpath,MappingFeedback,0,0,4,4,9,4,0,0,-1.0,1,0
.,org.gjt.sp.jedit.bsh.classpath,BshClassLoader,1,0,7,4,79,14,1,0,0.2857142857142857,1,3
.,org.gjt.sp.jedit.bsh.classpath,ClassPathListener,0,0,1,1,3,1,1,0,-1.0,1,0
.,org.gjt.sp.jedit.bsh.classpath,ClassManagerImpl,8,0,22,18,285,57,0,1,0.09090909090909091,1,8
.,org.gjt.sp.jedit.bsh.collection,CollectionIterator,1,0,4,3,44,7,0,1,0.0,0,0
.,org.gjt.sp.jedit.bsh.collection,CollectionManagerImpl,0,0,4,4,20,6,0,1,-1.0,0,1
.,org.gjt.sp.jedit.bsh.org.objectweb.asm,Label,10,0,4,1,153,19,0,0,0.5,5,4
.,org.gjt.sp.jedit.bsh.org.objectweb.asm,Type,24,20,23,18,528,96,0,0,0.17391304347826086,2,2
.,org.gjt.sp.jedit.bsh.org.objectweb.asm,CodeWriter,27,0,31,17,1121,227,0,1,0.0,3,6
.,org.gjt.sp.jedit.bsh.org.objectweb.asm,ByteVector,2,0,11,10,207,27,0,0,0.0,3,0
.,org.gjt.sp.jedit.bsh.org.objectweb.asm,ClassWriter,49,0,22,7,608,66,0,1,0.09090909090909091,3,4
.,org.gjt.sp.jedit.bsh.org.objectweb.asm,CodeVisitor,0,0,17,0,119,17,1,0,-1.0,1,1
.,org.gjt.sp.jedit.bsh.org.objectweb.asm,ClassVisitor,0,0,5,0,43,5,1,0,-1.0,0,0
.,org.gjt.sp.jedit.bsh.org.objectweb.asm,Edge,4,0,0,0,21,0,0,0,-1.0,0,1
.,org.gjt.sp.jedit.bsh.org.objectweb.asm,Item,11,0,8,0,161,21,0,0,0.25,3,2
.,org.gjt.sp.jedit.bsh.org.objectweb.asm,Constants,179,0,0,0,184,0,1,0,-1.0,4,0
.,org.gjt.sp.jedit.bsh.reflect,ReflectManagerImpl,0,0,1,1,16,2,0,1,-1.0,0,0
.,org.gjt.sp.jedit.bsh.commands,dir,1,0,3,3,65,10,0,0,0.6666666666666666,1,4
.,org.gjt.sp.jedit.help,HelpSearchPanel,9,0,14,10,163,40,0,0,0.21428571428571427,0,11
.,org.gjt.sp.jedit.help,ResultIcon,2,0,4,3,28,6,0,0,0.75,0,0
.,org.gjt.sp.jedit.help,ResultRenderer,0,0,1,1,15,2,0,0,-1.0,0,1
.,org.gjt.sp.jedit.help,Result,3,0,2,0,13,2,0,0,0.0,5,2
.,org.gjt.sp.jedit.help,ResultCompare,0,0,1,1,6,2,0,0,-1.0,0,1
.,org.gjt.sp.jedit.help,ActionHandler,0,0,3,3,57,23,0,0,-1.0,0,7
.,org.gjt.sp.jedit.help,MouseHandler,0,0,1,1,9,2,0,0,-1.0,0,1
.,org.gjt.sp.jedit.help,HistoryButton,9,2,8,6,83,15,0,0,0.0,1,5
.,org.gjt.sp.jedit.help,DropActionHandler,0,0,1,1,27,8,0,0,-1.0,0,1
.,org.gjt.sp.jedit.help,HistoryListActionHandler,1,0,2,1,12,2,0,0,0.0,0,2
.,org.gjt.sp.jedit.help,HelpViewer,14,0,25,20,378,72,0,1,0.28,1,11
.,org.gjt.sp.jedit.help,ActionHandler,0,0,1,1,39,7,0,0,-1.0,0,1
.,org.gjt.sp.jedit.help,LinkHandler,0,0,1,1,22,6,0,0,-1.0,0,0
.,org.gjt.sp.jedit.help,PropertyChangeHandler,0,0,1,1,12,3,0,0,-1.0,0,1
.,org.gjt.sp.jedit.help,KeyHandler,0,0,1,1,40,7,0,0,-1.0,0,0
.,org.gjt.sp.jedit.help,MouseHandler,0,0,4,3,38,10,0,0,-1.0,0,1
.,org.gjt.sp.jedit.help,HelpTOCPanel,5,0,13,7,115,27,0,0,0.6153846153846154,1,7
.,org.gjt.sp.jedit.help,TOCTree,0,0,6,2,53,13,0,0,-1.0,0,2
.,org.gjt.sp.jedit.help,TOCCellRenderer,1,0,2,0,10,2,0,1,1.0,0,1
.,org.gjt.sp.jedit.help,HelpHistoryModelListener,0,0,1,1,8,1,1,0,-1.0,1,0
.,org.gjt.sp.jedit.help,HelpTOCLoader,10,2,11,7,131,23,0,0,0.18181818181818182,3,7
.,org.gjt.sp.jedit.help,HelpNode,2,2,2,1,13,2,0,0,0.0,2,0
.,org.gjt.sp.jedit.help,TOCHandler,6,0,4,3,42,11,0,0,0.0,0,0
.,org.gjt.sp.jedit.help,PluginCompare,0,0,1,1,5,1,0,0,-1.0,0,3
.,org.gjt.sp.jedit.help,HelpIndex,11,0,16,9,226,43,0,0,0.0,3,5
.,org.gjt.sp.jedit.help,Word,6,0,3,0,33,6,0,0,0.0,2,0
.,org.gjt.sp.jedit.help,Occurrence,2,0,1,0,8,1,0,0,0.0,2,0
.,org.gjt.sp.jedit.help,HelpFile,2,0,3,2,14,4,0,0,0.6666666666666666,4,0
.,org.gjt.sp.jedit.help,HelpHistoryModel,6,0,19,12,126,33,0,0,0.0,5,4
.,org.gjt.sp.jedit.help,HistoryEntry,3,0,5,2,22,5,0,0,0.0,6,1
.,org.gjt.sp.jedit.help,HelpViewerInterface,0,0,8,8,26,8,1,0,-1.0,2,0
.,org.gjt.sp.jedit.buffer,KillRing,4,0,17,11,136,38,1,1,0.35294117647058826,4,1
.,org.gjt.sp.jedit.buffer,BufferSegment,4,0,8,6,48,15,0,0,0.0,0,0
.,org.gjt.sp.jedit.buffer,LineManager,9,0,17,15,189,56,0,0,0.0,1,5
.,org.gjt.sp.jedit.buffer,BufferListener,0,0,8,0,74,8,2,0,-1.0,3,1
.,org.gjt.sp.jedit.buffer,PositionManager,6,0,15,7,100,27,0,0,0.0,0,2
.,org.gjt.sp.jedit.buffer,PosTopHalf,1,0,3,1,18,3,0,0,0.0,0,0
.,org.gjt.sp.jedit.buffer,PosBottomHalf,2,0,8,2,38,15,0,0,0.25,0,1
.,org.gjt.sp.jedit.buffer,DummyFoldHandler,0,0,2,2,22,2,0,1,-1.0,0,1
.,org.gjt.sp.jedit.buffer,FoldHandler,2,1,9,8,74,10,3,0,0.5555555555555556,10,2
.,org.gjt.sp.jedit.buffer,FoldHandlerProvider,0,0,2,0,19,2,2,0,-1.0,1,0
.,org.gjt.sp.jedit.buffer,DefaultFoldHandlerProvider,1,0,3,3,31,3,0,1,0.0,1,1
.,org.gjt.sp.jedit.buffer,IndentFoldHandler,0,0,4,3,72,14,0,1,-1.0,0,1
.,org.gjt.sp.jedit.buffer,ContentManager,4,0,14,9,132,26,0,0,0.0,0,0
.,org.gjt.sp.jedit.buffer,ExplicitFoldHandler,0,0,2,2,53,9,0,1,-1.0,0,1
.,org.gjt.sp.jedit.buffer,BufferAdapter,0,0,8,8,82,8,1,1,-1.0,0,1
.,org.gjt.sp.jedit.buffer,BufferUndoListener,0,0,4,0,28,4,0,0,-1.0,1,1
.,org.gjt.sp.jedit.buffer,JEditBuffer,32,6,132,107,1787,304,1,0,0.022727272727272728,66,24
.,org.gjt.sp.jedit.buffer,Listener,2,0,1,0,8,1,0,0,0.0,1,1
.,org.gjt.sp.jedit.buffer,PropValue,2,0,2,1,18,3,0,0,0.0,1,0
.,org.gjt.sp.jedit.buffer,UndoManager,23,0,40,17,358,91,0,0,0.075,8,12
.,org.gjt.sp.jedit.buffer,Edit,2,0,2,0,11,2,4,0,1.0,3,2
.,org.gjt.sp.jedit.buffer,Insert,2,0,3,0,19,5,0,1,0.0,1,2
.,org.gjt.sp.jedit.buffer,Remove,2,0,3,0,18,5,0,1,0.0,1,2
.,org.gjt.sp.jedit.buffer,Replace,3,0,3,0,22,4,1,1,0.0,2,2
.,org.gjt.sp.jedit.buffer,CompressedReplace,1,0,4,0,31,7,0,2,0.0,1,3
.,org.gjt.sp.jedit.buffer,CompoundEdit,2,0,5,3,57,16,0,1,0.0,1,2
.,doclet,GenerateTocXML,3,3,6,4,68,12,0,0,0.6666666666666666,1,1
.,de.masters_of_disaster.ant.tasks.calculatesize,CalculateSize,4,0,5,5,71,11,0,0,0.0,0,0
.,de.masters_of_disaster.ant.tasks.deb,Deb,10,0,10,8,291,40,0,0,0.0,0,2
.,de.masters_of_disaster.ant.tasks.ar,Ar,17,6,26,24,347,54,0,0,0.5384615384615384,1,5
.,de.masters_of_disaster.ant.tasks.ar,ArFileSet,5,0,11,11,87,12,0,0,0.6363636363636364,2,0
.,de.masters_of_disaster.ant.tasks.ar,ArLongFileMode,7,6,8,8,59,8,0,0,0.875,1,0
.,de.masters_of_disaster.ant.tasks.ar,ArConstants,11,0,0,0,49,0,1,0,-1.0,2,0
.,de.masters_of_disaster.ant.tasks.ar,ArEntry,10,2,24,23,251,28,0,1,0.08333333333333333,3,2
.,de.masters_of_disaster.ant.tasks.ar,ArUtils,0,0,6,6,124,18,0,0,-1.0,1,0
.,de.masters_of_disaster.ant.tasks.ar,ArOutputStream,10,4,7,7,123,21,0,0,0.0,1,2
.,installer,CBZip2InputStream,44,0,30,2,637,117,0,1,0.0,1,1
.,installer,Install,2,0,7,5,82,16,0,0,0.2857142857142857,12,3
.,installer,NonInteractiveInstall,1,0,1,1,45,9,0,0,0.0,0,5
.,installer,OperatingSystem,6,0,33,33,212,48,4,0,0.18181818181818182,8,2
.,installer,OSTask,5,0,9,9,36,9,3,0,0.2222222222222222,4,1
.,installer,Unix,0,0,11,11,100,17,1,1,-1.0,0,1
.,installer,ScriptOSTask,0,0,3,3,49,5,0,1,-1.0,0,1
.,installer,ManPageOSTask,0,0,3,3,18,5,0,1,-1.0,0,1
.,installer,MacOS,0,0,2,2,8,2,0,2,-1.0,0,0
.,installer,Windows,0,0,5,5,33,8,0,1,-1.0,0,1
.,installer,JEditLauncherOSTask,0,0,3,3,21,5,0,1,-1.0,0,1
.,installer,HalfAnOS,0,0,1,1,5,1,0,1,-1.0,0,0
.,installer,VMS,0,0,1,1,5,1,0,1,-1.0,0,0
.,installer,InstallThread,6,0,3,2,76,12,0,0,0.0,4,6
.,installer,TarHeader,36,36,9,9,304,22,0,0,0.4444444444444444,3,1
.,installer,Progress,0,0,5,5,7,5,2,0,-1.0,2,0
.,installer,ConsoleProgress,0,0,5,5,15,5,0,1,-1.0,2,0
.,installer,TarEntry,2,0,33,32,369,49,0,0,0.06060606060606061,4,2
.,installer,TarBuffer,11,2,21,17,234,56,0,0,0.0,3,1
.,installer,TarOutputStream,8,0,14,13,153,25,0,0,0.21428571428571427,0,3
.,installer,SwingInstall,26,0,42,27,494,76,0,0,0.19047619047619047,0,4
.,installer,ActionHandler,0,0,1,1,17,5,0,0,-1.0,0,0
.,installer,WindowHandler,0,0,1,1,5,1,0,0,-1.0,0,0
.,installer,WizardLayout,0,0,5,5,45,7,0,0,-1.0,0,0
.,installer,TextPanel,0,0,1,0,20,1,0,0,-1.0,0,0
.,installer,DirVerifier,3,0,9,5,92,17,0,0,0.0,0,0
.,installer,ChooseDirectory,4,0,6,2,85,10,0,0,0.3333333333333333,0,2
.,installer,ActionHandler,1,0,2,1,16,3,0,0,0.0,0,0
.,installer,SelectComponents,3,0,4,1,46,8,0,0,0.0,0,1
.,installer,SwingProgress,2,0,12,11,61,12,0,1,0.5,0,1
.,installer,CBZip2OutputStream,44,0,34,6,1319,239,0,1,0.058823529411764705,1,1
.,installer,StackElem,3,0,0,0,5,0,0,0,-1.0,0,0
.,installer,ServerKiller,0,0,2,2,61,5,0,0,-1.0,2,1
.,installer,ConsoleInstall,1,0,2,1,69,12,0,0,0.0,0,5
.,installer,CRC,2,0,4,0,24,5,0,0,0.0,0,0
.,installer,BZip2Constants,11,0,0,0,17,0,2,0,-1.0,0,0
.,installer,TarInputStream,9,0,24,24,259,48,0,0,0.5,1,3
.,installer,EntryFactory,0,0,3,3,8,3,1,0,-1.0,1,0
.,installer,EntryAdapter,0,0,3,3,11,3,0,1,-1.0,0,0
.,installer,InvalidHeaderException,0,0,2,2,11,2,0,0,-1.0,0,0
.,com.ultramixer.jarbundler,LSEnvironment,2,0,5,5,46,7,0,0,0.6,1,0
.,com.ultramixer.jarbundler,AppBundleProperties,39,0,80,80,305,84,0,0,0.5125,2,2
.,com.ultramixer.jarbundler,JarBundler,35,0,84,62,791,168,0,0,0.023809523809523808,0,7
.,com.ultramixer.jarbundler,HelpBook,5,0,10,10,37,10,0,0,0.5,1,0
.,com.ultramixer.jarbundler,JavaProperty,2,0,5,5,42,7,0,0,0.6,1,0
.,com.ultramixer.jarbundler,Service,9,0,16,16,86,16,0,0,0.4375,3,0
.,com.ultramixer.jarbundler,DocumentType,9,8,16,16,86,16,0,0,0.3125,3,0
.,com.ultramixer.jarbundler,PropertyListWriter,3,0,17,2,325,68,0,0,0.0,1,3
